time,close
2019-02-20,0.9886752644405693
2019-02-21,0.9922001425491189
2019-02-24,0.9918191150299668
2019-02-25,0.9929039227903766
2019-02-26,0.9862277229646033
2019-02-27,0.9809366702378658
2019-02-28,0.9662319964497201
2019-03-03,0.9612734089112626
2019-03-04,0.9622319546114042
2019-03-05,0.960832612369498
2019-03-06,0.9604299185796489
2019-03-07,0.9705876639725778
2019-03-10,0.9664142919686868
2019-03-11,0.9722544725906732
2019-03-12,0.9781686173781422
2019-03-13,0.9685629883315925
2019-03-14,0.9730994571478521
2019-03-15,0.9731607203960293
2019-03-17,0.9740273712239051
2019-03-18,0.9760886553912405
2019-03-19,0.9804607593953168
2019-03-20,0.978173100054838
2019-03-21,0.9814521780578953
2019-03-22,0.9811443675914429
2019-03-24,0.9875844797778983
2019-03-25,0.98283134825467
2019-03-26,0.9785877476492097
2019-03-27,0.9640668636055963
2019-03-28,0.9657022934868202
2019-03-31,0.962082532054874
2019-04-01,0.9654647116219373
2019-04-02,0.9636783649586176
2019-04-03,0.9651456944637452
2019-04-04,0.965051558253131
2019-04-07,0.9694139497910328
2019-04-08,0.9742559877353968
2019-04-09,0.9771966236479127
2019-04-10,0.9658733823140474
2019-04-11,0.9639122112595874
2019-04-14,0.9623021832129736
2019-04-15,0.9539106124382326
2019-04-16,0.9519188097596839
2019-04-17,0.953082064362272
2019-04-21,0.9525837401362436
2019-04-22,0.9504694109613401
2019-04-23,0.953024536678008
2019-04-24,0.9541900326189444
2019-04-25,0.9609020938582851
2019-04-28,0.9562692474930635
2019-04-29,0.9589192565331283
2019-04-30,0.9539457267390177
2019-05-01,0.9493210986144052
2019-05-02,0.9555602374623273
2019-05-05,0.9566809066363045
2019-05-06,0.9595543023983819
2019-05-07,0.9571022782457199
2019-05-08,0.9592718937665397
2019-05-09,0.9607646251062774
2019-05-12,0.971026219175995
2019-05-13,0.9689903368432699
2019-05-14,0.9685525287526361
2019-05-15,0.9613712806857904
2019-05-16,0.9544604874462645
2019-05-19,0.9544589932206993
2019-05-20,0.9523924792638853
2019-05-21,0.9513958308118284
2019-05-22,0.9590163811948732
2019-05-23,0.9597634939775246
2019-05-24,0.9596984951654337
2019-05-26,0.9602633124291183
2019-05-27,0.9557776472820791
2019-05-28,0.9564545314631614
2019-05-29,0.9623320677242804
2019-05-30,0.9751883844881465
2019-06-02,0.9897466241708925
2019-06-03,0.990153053524655
2019-06-04,0.9938572387010408
2019-06-05,0.9977556732009162
2019-06-06,1.001459858377302
2019-06-09,0.9921747407145097
2019-06-10,0.9913036072099382
2019-06-11,0.9962666774250917
2019-06-12,1.0026119062881504
2019-06-13,1.0026373081227606
2019-06-16,1.0008561912489196
2019-06-17,1.0061733929230499
2019-06-18,1.0162526914738006
2019-06-19,1.0372047223504777
2019-06-20,1.0455298000875626
2019-06-23,1.06064912147008
2019-06-24,1.0635240114577227
2019-06-25,1.0526744396280585
2019-06-26,1.0534312648768844
2019-06-27,1.0529882269967723
2019-06-28,1.0528679418387654
2019-06-30,1.0341565021972599
2019-07-01,1.0595463830028868
2019-07-02,1.0599087327024728
2019-07-03,1.0574066519933731
2019-07-04,1.0455327885386938
2019-07-05,1.0463762788703073
2019-07-07,1.0424345118290383
2019-07-08,1.0441237338306133
2019-07-09,1.0600798215297003
2019-07-10,1.0486422719400894
2019-07-11,1.0576210733619944
2019-07-12,1.0575097535573792
2019-07-14,1.0564032795262726
2019-07-15,1.050334482392795
2019-07-16,1.0654709873693133
2019-07-17,1.0803549682252953
2019-07-18,1.0650690406922467
2019-07-21,1.064475086030039
2019-07-22,1.0590069675738127
2019-07-23,1.0650137543463305
2019-07-24,1.0567820657070768
2019-07-25,1.0598825837550803
2019-07-28,1.0661717791594403
2019-07-29,1.0690242557636036
2019-07-30,1.0554910548186553
2019-07-31,1.0795167076831607
2019-08-01,1.0765588881766437
2019-08-04,1.0936834602677976
2019-08-05,1.1013047577636248
2019-08-06,1.1216463974968758
2019-08-07,1.1216538686247024
2019-08-08,1.1182164027117232
2019-08-11,1.129028618902255
2019-08-12,1.1216658224292249
2019-08-13,1.1333312414175447
2019-08-14,1.13784679107589
2019-08-15,1.1309726063627141
2019-08-18,1.1176411258690817
2019-08-19,1.1260932127792176
2019-08-20,1.1225847711518866
2019-08-21,1.1191338572088194
2019-08-22,1.1411236277405994
2019-08-23,1.1417773514254195
2019-08-25,1.141169948733124
2019-08-26,1.1525111207737728
2019-08-27,1.1503280572228654
2019-08-28,1.1411916150038208
2019-08-29,1.1359603312996953
2019-08-30,1.1357234965475949
2019-09-01,1.1424759018771986
2019-09-02,1.156188409889983
2019-09-03,1.1598066770963642
2019-09-04,1.1347955824715417
2019-09-05,1.1258391944331163
2019-09-06,1.125760747590938
2019-09-08,1.1199101073899944
2019-09-09,1.109772534042197
2019-09-10,1.1182851370877276
2019-09-11,1.119945221690779
2019-09-12,1.1122619138339918
2019-09-13,1.1123463375784313
2019-09-15,1.1195955729084983
2019-09-16,1.1217121434217496
2019-09-17,1.116202933762478
2019-09-18,1.119718099404853
2019-09-19,1.1333514134626765
2019-09-22,1.1372662844437702
2019-09-23,1.144767296781591
2019-09-24,1.1233714809120188
2019-09-25,1.1240640544615368
2019-09-26,1.118576511072962
2019-09-27,1.1186758770730547
2019-09-29,1.100131790694863
2019-09-30,1.1049304960978334
2019-10-01,1.1205780262176852
2019-10-02,1.1242971536497242
2019-10-03,1.1242089943413713
2019-10-04,1.1242732460406792
2019-10-06,1.1155962781829654
2019-10-07,1.124711054131313
2019-10-08,1.1248709362668003
2019-10-09,1.115852537867415
2019-10-10,1.1123911643453908
2019-10-11,1.1123194415182562
2019-10-13,1.115663518333404
2019-10-14,1.1065786268963627
2019-10-15,1.11315172515813
2019-10-16,1.1146706054452602
2019-10-17,1.113545453594587
2019-10-18,1.114043030707833
2019-10-20,1.1090844431693754
2019-10-21,1.1115245135175151
2019-10-22,1.114735604257351
2019-10-23,1.123313953227755
2019-10-24,1.1240461237547534
2019-10-27,1.1152182391149439
2019-10-28,1.1115282490814284
2019-10-29,1.117408773793678
2019-10-30,1.1300663585573587
2019-10-31,1.1313775414909122
2019-11-03,1.1278235259838392
2019-11-04,1.1083029631987222
2019-11-05,1.1134894201358885
2019-11-06,1.097193396120695
2019-11-07,1.090233293437514
2019-11-10,1.0877596030141552
2019-11-11,1.087997931991821
2019-11-12,1.0932561117561217
2019-11-13,1.099246462047421
2019-11-14,1.0968796087519812
2019-11-17,1.099162785415764
2019-11-18,1.100065297657207
2019-11-19,1.0994735843333472
2019-11-20,1.09418552005774
2019-11-21,1.0927398568233093
2019-11-24,1.087193291524905
2019-11-25,1.0917574035141226
2019-11-26,1.0866531289830481
2019-11-27,1.0878485094352903
2019-11-28,1.0937536888693673
2019-12-01,1.0928168094399224
2019-12-02,1.1036312669688022
2019-12-03,1.1018105531174807
2019-12-04,1.1026719741558777
2019-12-05,1.0910932202503456
2019-12-08,1.0919128029729142
2019-12-09,1.0940465570801667
2019-12-10,1.101704463102344
2019-12-11,1.098161654287011
2019-12-12,1.1029775432839821
2019-12-15,1.1028841541861507
2019-12-16,1.102861740802671
2019-12-17,1.1023424974187284
2019-12-18,1.1049103240527012
2019-12-19,1.1042984386837096
2019-12-22,1.1098547164482884
2019-12-23,1.1202209063075772
2019-12-25,1.1289561489623379
2019-12-26,1.1289852863608612
2019-12-29,1.131928163611725
2019-12-30,1.1334530208011169
2020-01-01,1.1424086617267595
2020-01-02,1.1598134011114076
2020-01-05,1.1699151130456378
2020-01-06,1.1761662056980824
2020-01-07,1.1628287483021889
2020-01-08,1.1598208722392342
2020-01-09,1.1671485544114797
2020-01-12,1.1565425413489598
2020-01-13,1.155352390686196
2020-01-14,1.1626927737757464
2020-01-15,1.1598731701340197
2020-01-16,1.1634817248742264
2020-01-19,1.1661661011022928
2020-01-20,1.1641272303184371
2020-01-21,1.1647226792062102
2020-01-22,1.1675945807427224
2020-01-23,1.17425509120006
2020-01-26,1.1818853540492793
2020-01-27,1.1709692891819592
2020-01-28,1.1781191585119333
2020-01-29,1.1761781595026048
2020-01-30,1.1878906465962316
2020-02-02,1.1780250223013193
2020-02-03,1.160201152645604
2020-02-04,1.1626412229937435
2020-02-05,1.1704866543243662
2020-02-06,1.173253960071307
2020-02-09,1.1746226706891243
2020-02-10,1.1714220395282455
2020-02-11,1.169877757406505
2020-02-12,1.1775259509625078
2020-02-13,1.1833115923513604
2020-02-16,1.1813392146051604
2020-02-17,1.1964398581681113
2020-02-18,1.2041067295436807
2020-02-19,1.2100313339101065
2020-02-20,1.227802158558254
2020-02-23,1.2392583859674313
2020-02-24,1.2214539412440646
2020-02-25,1.2259642611129313
2020-02-26,1.2287166246042192
2020-02-27,1.1853258084133886
2020-03-01,1.1875791005658656
2020-03-02,1.2259239170226683
2020-03-03,1.2230086829447624
2020-03-04,1.2493473969843563
2020-03-05,1.250713119151043
2020-03-08,1.2552197034559966
2020-03-09,1.2322848352541624
2020-03-10,1.2214307807478022
2020-03-11,1.1783963373542965
2020-03-12,1.142698541486428
2020-03-15,1.1319558067846827
2020-03-16,1.1418767174255111
2020-03-17,1.110436717305973
2020-03-18,1.1003439707251348
2020-03-19,1.1199922897960852
2020-03-22,1.1603513223149164
2020-03-23,1.2160978897052368
2020-03-24,1.2083436061340975
2020-03-25,1.2179305573610808
2020-03-26,1.2160934070285407
2020-03-29,1.2124370370702446
2020-03-30,1.178271569519594
2020-03-31,1.1889515467475966
2020-04-01,1.2049928053039058
2020-04-02,1.2091460052626652
2020-04-05,1.2415587462252156
2020-04-06,1.2318679463214437
2020-04-07,1.2294069568153898
2020-04-08,1.2577681051576213
2020-04-12,1.2801172369378566
2020-04-13,1.2903945203760099
2020-04-14,1.2820066851651821
2020-04-15,1.2838027442946762
2020-04-16,1.257764369593708
2020-04-19,1.2672818393319047
2020-04-20,1.2604151257465555
2020-04-21,1.2807694663971112
2020-04-22,1.2935443478676685
2020-04-23,1.2920613289941052
2020-04-26,1.2805049884720527
2020-04-27,1.2767858610400138
2020-04-28,1.27960546468174
2020-04-29,1.2600938672500148
2020-04-30,1.271054758884294
2020-05-03,1.2711563662227348
2020-05-04,1.2743368253384821
2020-05-05,1.2592175039559648
2020-05-06,1.2817123227288174
2020-05-07,1.2718773300579937
2020-05-10,1.268397278716403
2020-05-11,1.271929627952779
2020-05-12,1.2827597748500943
2020-05-13,1.293092344634164
2020-05-14,1.302032296191371
2020-05-17,1.2946582930266015
2020-05-18,1.303539969786762
2020-05-19,1.306030843804122
2020-05-20,1.2903892905865313
2020-05-21,1.2958805695390196
2020-05-24,1.291896964181922
2020-05-25,1.2783689930264523
2020-05-26,1.2771272915816856
2020-05-27,1.2841426806107825
2020-05-28,1.2922174755656795
2020-05-31,1.2999187141292505
2020-06-01,1.2909742798953474
2020-06-02,1.2686393432579823
2020-06-03,1.2807545241414582
2020-06-04,1.259086759219001
2020-06-07,1.268821638776949
2020-06-08,1.281138540111741
2020-06-09,1.2989825818125882
2020-06-10,1.2904251520000984
2020-06-11,1.2931812510552996
2020-06-14,1.2888846054422711
2020-06-15,1.2903310157894843
2020-06-16,1.2900904454734705
2020-06-17,1.287043719545818
2020-06-18,1.3031058972600413
2020-06-21,1.3110081091621457
2020-06-22,1.3206854610358298
2020-06-23,1.3162020372271386
2020-06-24,1.3176768378600925
2020-06-25,1.3234938579858166
2020-06-28,1.3243694741670842
2020-06-29,1.3305122354660444
2020-06-30,1.322749733654296
2020-07-01,1.3266780526654773
2020-07-02,1.3261894409056232
2020-07-05,1.3331226475286284
2020-07-06,1.3412542230550069
2020-07-07,1.3515315064931603
2020-07-08,1.3473297442035286
2020-07-09,1.343641995508361
2020-07-12,1.346552746909571
2020-07-13,1.3518012142076974
2020-07-14,1.3525430972008703
2020-07-15,1.342887411597883
2020-07-16,1.3523085037871179
2020-07-19,1.3577340368147326
2020-07-20,1.375937439764035
2020-07-21,1.3984905333339341
2020-07-22,1.410200779089213
2020-07-23,1.4207373106629464
2020-07-26,1.4509498044805882
2020-07-27,1.463349635334254
2020-07-28,1.4724920544555598
2020-07-29,1.461396682520403
2020-07-30,1.4762664682335147
2020-08-02,1.4768492162039828
2020-08-03,1.5087292657525027
2020-08-04,1.5227316535249562
2020-08-05,1.5415252755725533
2020-08-06,1.5205463486357007
2020-08-09,1.5149482325552934
2020-08-10,1.428535673888262
2020-08-11,1.4319477379666312
2020-08-12,1.4595371188043835
2020-08-13,1.4529206880012222
2020-08-16,1.4831847326008671
2020-08-17,1.4956704814245383
2020-08-18,1.4416422734343164
2020-08-19,1.4546270935967984
2020-08-20,1.449770860509564
2020-08-23,1.4412403267572498
2020-08-24,1.4405828675085166
2020-08-25,1.4598837791355341
2020-08-26,1.4413830252987363
2020-08-27,1.4680960428424388
2020-08-30,1.4700534783329855
2020-08-31,1.4721752786357156
2020-09-01,1.4515564600601008
2020-09-02,1.4424304774200134
2020-09-03,1.444934052354678
2020-09-06,1.440768151478614
2020-09-07,1.4431932795711002
2020-09-08,1.4542804332656476
2020-09-09,1.4540704945737224
2020-09-10,1.4497708605095634
2020-09-13,1.4616828267161581
2020-09-14,1.4600063056318884
2020-09-15,1.4640347377559448
2020-09-16,1.4525874757001596
2020-09-17,1.4572479652383392
2020-09-20,1.4289622752871554
2020-09-21,1.419542677323486
2020-09-22,1.392207314831835
2020-09-23,1.3954707034664564
2020-09-24,1.3908400984395828
2020-09-27,1.4056284488593855
2020-09-28,1.4174261068102343
2020-09-29,1.4086811516892992
2020-09-30,1.424058974094614
2020-10-01,1.418892689202579
2020-10-04,1.4295592184004937
2020-10-05,1.4032100447819427
2020-10-06,1.4102441116306061
2020-10-07,1.4147133402964271
2020-10-08,1.4423169162770502
2020-10-11,1.4364752414294986
2020-10-12,1.4129240051819771
2020-10-13,1.4207694365125998
2020-10-14,1.4256824501713157
2020-10-15,1.4190137214733687
2020-10-18,1.4228015832814118
2020-10-19,1.4248695914637908
2020-10-20,1.437785677250269
2020-10-21,1.4225221631007001
2020-10-22,1.4210383971143543
2020-10-25,1.4212117272799296
2020-10-26,1.4253156177950341
2020-10-27,1.4025107472173812
2020-10-28,1.3955760463688105
2020-10-29,1.4037890571884977
2020-11-01,1.4163495172904337
2020-11-02,1.426843463435556
2020-11-03,1.4217668320774397
2020-11-04,1.456594988666302
2020-11-05,1.457761231720021
2020-11-08,1.3910597495976826
2020-11-09,1.4025458615181658
2020-11-10,1.3936791270136586
2020-11-11,1.4023224747961531
2020-11-12,1.4117181651507777
2020-11-15,1.4111757612705729
2020-11-16,1.4048619111443856
2020-11-17,1.3989417894546556
2020-11-18,1.3942021059615148
2020-11-19,1.3978383038746796
2020-11-22,1.3730647911147402
2020-11-23,1.3503697461161372
2020-11-24,1.3506648556652845
2020-11-25,1.3526282680580926
2020-11-26,1.3350307735755205
2020-11-29,1.3275305083504825
2020-11-30,1.3561113078508134
2020-12-01,1.3677431067639136
2020-12-02,1.3753868176432207
2020-12-03,1.3737835136116507
2020-12-06,1.391440777116835
2020-12-07,1.3974460696637874
2020-12-08,1.374754013116315
2020-12-09,1.3722168181064307
2020-12-10,1.3741667824691512
2020-12-13,1.3650191335583668
2020-12-14,1.3847361870053212
2020-12-15,1.3930298860055348
2020-12-16,1.4087431620502602
2020-12-17,1.4056770111902586
2020-12-20,1.4022111549915384
2020-12-21,1.3898524153409182
2020-12-22,1.3995820651093878
2020-12-23,1.4042313479558277
2020-12-27,1.3998607381773167
2020-12-28,1.403345272195603
2020-12-29,1.415411143635424
2020-12-30,1.4183353430667216
2021-01-03,1.451555712947318
2021-01-04,1.456926706741799
2021-01-05,1.4337550037878644
2021-01-06,1.4296668026411956
2021-01-07,1.3815721643707914
2021-01-10,1.3773831029984647
2021-01-11,1.3856954798182446
2021-01-12,1.3786262986687967
2021-01-13,1.3793330673611852
2021-01-14,1.3661599747774749
2021-01-17,1.3730326652650855
2021-01-18,1.374706197898225
2021-01-19,1.3983336396495767
2021-01-20,1.3970411345355895
2021-01-21,1.3864919020445512
2021-01-24,1.386633853473255
2021-01-25,1.382741395875641
2021-01-26,1.3780047008336307
2021-01-27,1.376674840080511
2021-01-28,1.3804701730163804
2021-01-31,1.3902050525743288
2021-02-01,1.373215707896835
2021-02-02,1.3702571412775353
2021-02-03,1.3403165965127786
2021-02-04,1.355412010286251
2021-02-07,1.3677879335308722
2021-02-08,1.3737685713559968
2021-02-09,1.3772164968479335
2021-02-10,1.3639589805197836
2021-02-11,1.3630325606692957
2021-02-14,1.358830798379664
2021-02-15,1.3406460732499277
2021-02-16,1.3271001713876744
2021-02-17,1.3267721888760904
2021-02-18,1.3329874201149678
2021-02-21,1.3521994253208498
2021-02-22,1.349196031934591
2021-02-23,1.348572192761077
2021-02-24,1.322801284436298
2021-02-25,1.2957737324110994
2021-02-28,1.2887247233067831
2021-03-01,1.2987420114965738
2021-03-02,1.2782464665300968
2021-03-03,1.2683248087764856
2021-03-04,1.2724227223893285
2021-03-07,1.2577598869170112
2021-03-08,1.2819670881877008
2021-03-09,1.2900732618794688
2021-03-10,1.286995157214945
2021-03-11,1.2902376266916522
2021-03-14,1.2938170440333352
2021-03-15,1.29376773458968
2021-03-16,1.3039770307646121
2021-03-17,1.2973120376305785
2021-03-18,1.3037521498170341
2021-03-21,1.2991693600082501
2021-03-22,1.2902682583157408
2021-03-23,1.2956728721854414
2021-03-24,1.2900060217290301
2021-03-25,1.2945746163949436
2021-03-28,1.2790391531924896
2021-03-29,1.2587430873389802
2021-03-30,1.275676398557775
2021-03-31,1.2924154604530806
2021-04-04,1.2912238155647515
2021-04-05,1.3026060788084461
2021-04-06,1.2983064447442871
2021-04-07,1.3116386723507019
2021-04-08,1.302796592568022
2021-04-11,1.294679212184514
2021-04-12,1.304048006478963
2021-04-13,1.2973165203072734
2021-04-14,1.317757526040617
2021-04-15,1.3273803386811676
2021-04-18,1.323544661655035
2021-04-19,1.3289791600360414
2021-04-20,1.3400887271140687
2021-04-21,1.3330135690623595
2021-04-22,1.327880904245544
2021-04-25,1.3308887803084986
2021-04-26,1.3273653964255145
2021-04-27,1.3311233737222514
2021-04-28,1.3238987931140118
2021-04-29,1.3238427596553128
2021-05-02,1.3401148760614614
2021-05-03,1.3290015734195213
2021-05-04,1.3350419802672582
2021-05-05,1.3560694695349829
2021-05-06,1.368228730072635
2021-05-09,1.371467463985429
2021-05-10,1.372809278543071
2021-05-11,1.3564206125428289
2021-05-12,1.3646201753324287
2021-05-13,1.3770521320357487
2021-05-16,1.3948259451350264
2021-05-17,1.3967273471668744
2021-05-18,1.3967385538586141
2021-05-19,1.402360577548066
2021-05-20,1.4055021867991153
2021-05-23,1.4050800680769175
2021-05-24,1.4188941834281428
2021-05-25,1.4170189303436878
2021-05-26,1.4170278956970794
2021-05-27,1.4220963088145868
2021-05-30,1.4245020119747245
2021-05-31,1.4196935941055797
2021-06-01,1.425752678772883
2021-06-02,1.397508080024745
2021-06-03,1.4130853815430275
2021-06-06,1.4188717700446631
2021-06-07,1.4142508774839637
2021-06-08,1.4110607059020421
2021-06-09,1.41835252666072
2021-06-10,1.402943325518534
2021-06-13,1.3942319904728182
2021-06-14,1.3887481826481565
2021-06-15,1.3538094533674618
2021-06-16,1.3249073953705905
2021-06-17,1.3180825201010695
2021-06-20,1.332097608790828
2021-06-21,1.3290127801112603
2021-06-22,1.3291509959760506
2021-06-23,1.3261102469506592
2021-06-24,1.3310905007598137
2021-06-27,1.3285607768777559
2021-06-28,1.3157298619485
2021-06-29,1.3227258260452481
2021-06-30,1.3273616608616001
2021-07-01,1.3354267433503226
2021-07-04,1.3388036931279073
2021-07-05,1.342718564109001
2021-07-06,1.347579279872931
2021-07-07,1.3466670551653135
2021-07-08,1.3511273184777428
2021-07-11,1.3493940168219916
2021-07-12,1.3505632483268413
2021-07-13,1.3652626923255085
2021-07-14,1.3668652492442959
2021-07-15,1.3539588759239922
2021-07-18,1.3543996724657565
2021-07-19,1.352531890509128
2021-07-20,1.347421639075792
2021-07-21,1.3497787799050573
2021-07-22,1.3462785565183353
2021-07-25,1.342991260274669
2021-07-26,1.3440521604260338
2021-07-27,1.3499543514089802
2021-07-28,1.3657034888672726
2021-07-29,1.355397068030596
2021-08-01,1.354884548661697
2021-08-02,1.352610337351306
2021-08-03,1.3536637663748445
2021-08-04,1.3479184690762551
2021-08-05,1.3172233404010205
2021-08-08,1.2922623023326358
2021-08-09,1.2918513903021775
2021-08-10,1.3086053944531362
2021-08-11,1.3093973340027465
2021-08-12,1.3297860418413046
2021-08-15,1.33523996515466
2021-08-16,1.3343957277102638
2021-08-17,1.3353341013652742
2021-08-18,1.3298129379014798
2021-08-19,1.3307871729700573
2021-08-22,1.3488710378741355
2021-08-23,1.3471003805792519
2021-08-24,1.3377577352321954
2021-08-25,1.3388186353835605
2021-08-26,1.3578214490102998
2021-08-29,1.3525430972008672
2021-08-30,1.355109429609275
2021-08-31,1.3553709190832028
2021-09-01,1.3519192580273534
2021-09-02,1.3655727441303085
2021-09-05,1.3622406211196831
2021-09-06,1.340570614858878
2021-09-07,1.3367678107951821
2021-09-08,1.3406341194454034
2021-09-09,1.335501454628588
2021-09-12,1.339928097865798
2021-09-13,1.348262140956275
2021-09-14,1.3401111404975476
2021-09-15,1.3100622643793065
2021-09-16,1.311145577914151
2021-09-19,1.3180892441161134
2021-09-20,1.3256507725893287
2021-09-21,1.320992524389497
2021-09-22,1.3017020723414368
2021-09-23,1.3077947770839593
2021-09-26,1.3076378833996027
2021-09-27,1.2955495985763024
2021-09-28,1.2899686660898961
2021-09-29,1.3127070436298929
2021-09-30,1.3156058412265805
2021-10-03,1.3219936555182503
2021-10-04,1.3148856245041043
2021-10-05,1.3170290910775315
2021-10-06,1.3113174138541612
2021-10-07,1.3128041682916376
2021-10-10,1.310664437282124
2021-10-11,1.3150118865643725
2021-10-12,1.3396105749331713
2021-10-13,1.3417958798224265
2021-10-14,1.3205031655168604
2021-10-17,1.3185569367180534
2021-10-18,1.3220534245408622
2021-10-19,1.3313213586096533
2021-10-20,1.332082666535175
2021-10-21,1.339218340722279
2021-10-24,1.3506080750938
2021-10-25,1.339408854481855
2021-10-26,1.3425355214772512
2021-10-27,1.3439176801251564
2021-10-28,1.3323635809414518
2021-10-31,1.3397487907979615
2021-11-01,1.3358376553807811
2021-11-02,1.3221580203304333
2021-11-03,1.3386617416992037
2021-11-04,1.3583780480333756
2021-11-07,1.3628980803684168
2021-11-08,1.3686433776670064
2021-11-09,1.3816132555738352
2021-11-10,1.3910866456578554
2021-11-11,1.3932906283666773
2021-11-14,1.39167686475615
2021-11-15,1.382704040236506
2021-11-16,1.3951733525789585
2021-11-17,1.3887668604677224
2021-11-18,1.3790842788045596
2021-11-21,1.348389150129325
2021-11-22,1.3366415487349137
2021-11-23,1.3362672452308053
2021-11-24,1.3362410962834124
2021-11-25,1.3395993682414307
2021-11-28,1.3334767789876019
2021-11-29,1.3258532401534266
2021-11-30,1.331325094173566
2021-12-01,1.321079189472284
2021-12-02,1.3326960461297315
2021-12-05,1.3288073240960305
2021-12-06,1.332894031017134
2021-12-07,1.3319265199636006
2021-12-08,1.3263567941689338
2021-12-09,1.3320049668057787
2021-12-12,1.334870144327247
2021-12-13,1.3227826066167294
2021-12-14,1.3277837795837981
2021-12-15,1.344224743478826
2021-12-16,1.3434283212525195
2021-12-19,1.3377950908713274
2021-12-20,1.3365399413964731
2021-12-21,1.3474851436623165
2021-12-22,1.3511459962973087
2021-12-26,1.3538243956231142
2021-12-27,1.3493305122354655
2021-12-28,1.3478811134371216
2021-12-29,1.355830393444533
2021-12-30,1.366301179093393
2022-01-02,1.345692072983953
2022-01-03,1.3556361441210436
2022-01-04,1.352505741561734
2022-01-05,1.337966926811337
2022-01-06,1.34224788305593
2022-01-09,1.3461328695257175
2022-01-10,1.3609630582613488
2022-01-11,1.3644184548811118
2022-01-12,1.3618820069840099
2022-01-13,1.3581987409655383
2022-01-16,1.35924469886125
2022-01-17,1.3551393141205805
2022-01-18,1.3751619366956391
2022-01-19,1.374296032980546
2022-01-20,1.37069046669147
2022-01-23,1.3769931101259176
2022-01-24,1.3806718934676931
2022-01-25,1.3592820545003825
2022-01-26,1.3425504637329033
2022-01-27,1.3385683526013712
2022-01-30,1.3426856911465632
2022-01-31,1.3455247197206386
2022-02-01,1.3499207313337596
2022-02-02,1.3484713325354158
2022-02-03,1.3507574976503292
2022-02-06,1.3600590517943396
2022-02-07,1.3643101235276263
2022-02-08,1.3696041647054944
2022-02-09,1.364769597888957
2022-02-10,1.3888677206933793
2022-02-13,1.3983411107773998
2022-02-14,1.3848893451257605
2022-02-15,1.396719876039046
2022-02-16,1.4181732195928822
2022-02-17,1.4174933469606694
2022-02-20,1.42252888711574
2022-02-21,1.4183226421494124
2022-02-22,1.4262943355403033
2022-02-23,1.422513944860087
2022-02-24,1.4115381109701546
2022-02-27,1.4266305362924965
2022-02-28,1.4536386633853462
2022-03-01,1.4408480925463536
2022-03-02,1.4467614902210397
2022-03-03,1.4724397565607699
2022-03-06,1.4924212879327827
2022-03-07,1.5316185600745909
2022-03-08,1.4886259549969136
2022-03-09,1.4914276279318566
2022-03-10,1.4856487105580476
2022-03-13,1.457247218125553
2022-03-14,1.4327381832906723
2022-03-15,1.4399739705906516
2022-03-16,1.451180662330423
2022-03-17,1.4348861325407953
2022-03-20,1.4462310401453573
2022-03-21,1.435233539984728
2022-03-22,1.4528541949635623
2022-03-23,1.4627571748976074
2022-03-24,1.4628617706871785
2022-03-27,1.4365484584821946
2022-03-28,1.4340867218633582
2022-03-29,1.443855221496526
2022-03-30,1.4472321712741105
2022-03-31,1.438192106604028
2022-04-03,1.4438477503686993
2022-04-04,1.436858510286995
2022-04-05,1.4388495658527614
2022-04-06,1.4431798315410092
2022-04-07,1.455136624514563
2022-04-10,1.4600638333161493
2022-04-11,1.4692607916705884
2022-04-12,1.4776658104754172
2022-04-13,1.474348629720445
2022-04-17,1.4783045919045843
2022-04-18,1.4567018257942177
2022-04-19,1.4625076392282021
2022-04-20,1.458083984442123
2022-04-21,1.4436833855565163
2022-04-24,1.4180536815476588
2022-04-25,1.4235860517031926
2022-04-26,1.4088754010127857
2022-04-27,1.4153722937707227
2022-04-28,1.4172654775619615
2022-05-01,1.3918382411172023
2022-05-02,1.3955693223537637
2022-05-03,1.4056702871752114
2022-05-04,1.4024614377737235
2022-05-05,1.4072952574774782
2022-05-08,1.3851620412914292
2022-05-09,1.3735145530098933
2022-05-10,1.3838433872300495
2022-05-11,1.3611573075848384
2022-05-12,1.353368656825697
2022-05-15,1.3631745120979972
2022-05-16,1.3559835515649772
2022-05-17,1.3570892784833013
2022-05-18,1.3763311682004895
2022-05-19,1.3796296711358957
2022-05-22,1.3848968162535882
2022-05-23,1.3945009510745727
2022-05-24,1.3845755577570482
2022-05-25,1.3827787515147716
2022-05-26,1.3845643510653085
2022-05-29,1.3864919020445492
2022-05-30,1.3727973247385483
2022-05-31,1.3796595556472018
2022-06-01,1.3960960368655335
2022-06-02,1.3829475990036508
2022-06-05,1.3762676636139641
2022-06-06,1.3839330407639678
2022-06-07,1.3846390623435736
2022-06-08,1.380619595572909
2022-06-09,1.3983037551382684
2022-06-12,1.3594015925456078
2022-06-13,1.3511945586281817
2022-06-14,1.3701824299992682
2022-06-15,1.3872576926467668
2022-06-16,1.374986365191717
2022-06-19,1.3734884040625006
2022-06-20,1.3695025573670552
2022-06-21,1.3730289297011702
2022-06-22,1.3617475266831336
2022-06-23,1.3652066588668095
2022-06-26,1.361788617886179
2022-06-27,1.359797562320413
2022-06-28,1.3581090874316208
2022-06-29,1.3502793454694337
2022-06-30,1.3518781668243078
2022-07-03,1.3508097955451164
2022-07-04,1.3186017634850127
2022-07-05,1.2995354452717478
2022-07-06,1.3002265245957005
2022-07-07,1.3017356924166563
2022-07-10,1.2954823584258637
2022-07-11,1.289692234360315
2022-07-12,1.296733772336805
2022-07-13,1.2775852717174485
2022-07-14,1.2756651918660342
2022-07-17,1.2770249371304596
2022-07-18,1.2787395609666445
2022-07-19,1.2677271185503622
2022-07-20,1.2844064114230556
2022-07-21,1.290756870075593
2022-07-24,1.2849405970626515
2022-07-25,1.2831400552564614
2022-07-26,1.2959605106067602
2022-07-27,1.3120122287420264
2022-07-28,1.3195954234859386
2022-07-31,1.3239735043922758
2022-08-01,1.3155983700987532
2022-08-02,1.3189304931093786
2022-08-03,1.338053591894125
2022-08-04,1.3267228794324333
2022-08-07,1.3367640752312688
2022-08-08,1.3406266483175768
2022-08-09,1.3390390336544424
2022-08-10,1.3369620601186714
2022-08-11,1.3463159121574675
2022-08-14,1.3295320234952026
2022-08-15,1.3267415572519996
2022-08-16,1.3165920300996798
2022-08-17,1.3137380592699515
2022-08-18,1.3055795876833975
2022-08-21,1.2968981371489878
2022-08-22,1.3059382018190704
2022-08-23,1.3085568321222636
2022-08-24,1.313745530397778
2022-08-25,1.2985193718873416
2022-08-28,1.2981346088042762
2022-08-29,1.28828766232893
2022-08-30,1.2783398556279262
2022-08-31,1.268096939377775
2022-09-01,1.2795539138997347
2022-09-04,1.2776786608152797
2022-09-05,1.271481360283186
2022-09-06,1.2838722257834603
2022-09-07,1.276621496227828
2022-09-08,1.2829682193164518
2022-09-11,1.2884968539080726
2022-09-12,1.2719109501332104
2022-09-13,1.2682015351673461
2022-09-14,1.2435019865728896
2022-09-15,1.2517912028964073
2022-09-18,1.2519368898890244
2022-09-19,1.243826980633343
2022-09-20,1.2505173756019867
2022-09-21,1.2486757425927508
2022-09-22,1.2281973812202747
2022-09-25,1.2124482437619823
2022-09-26,1.2174128082027014
2022-09-27,1.2402034836374836
2022-09-28,1.2408422650666506
2022-09-29,1.240916976344916
2022-10-02,1.2699385723870111
2022-10-03,1.2898640703003252
2022-10-04,1.2823780002181577
2022-10-05,1.2796099473584341
2022-10-06,1.2663561665941976
2022-10-09,1.2463708996582714
2022-10-10,1.2448505251455757
2022-10-11,1.2500728434963095
2022-10-12,1.2447907561229639
2022-10-13,1.2285896154311673
2022-10-16,1.233303897089698
2022-10-17,1.2342863503988846
2022-10-18,1.2170317806835496
2022-10-19,1.2164602394048212
2022-10-20,1.238429090778687
2022-10-23,1.232429775133996
2022-10-24,1.2349774297228375
2022-10-25,1.2441034123629249
2022-10-26,1.2427436670984993
2022-10-27,1.2285410531002954
2022-10-30,1.2205506818898382
2022-10-31,1.2312007746065343
2022-11-01,1.22175726903382
2022-11-02,1.2174613705335744
2022-11-03,1.2558330830505526
2022-11-06,1.2517389050016225
2022-11-07,1.2794941448771238
2022-11-08,1.275041352692521
2022-11-09,1.3116722924259214
2022-11-10,1.3233571363465901
2022-11-13,1.3235065589031203
2022-11-14,1.3285757191334104
2022-11-15,1.3251614137166934
2022-11-16,1.3153443517526533
2022-11-17,1.3080973577609343
2022-11-20,1.2986202321130007
2022-11-21,1.2999762418135132
2022-11-22,1.307148524526967
2022-11-23,1.3117731526515795
2022-11-24,1.3101033555823536
2022-11-27,1.3013098381305461
2022-11-28,1.3071298467074008
2022-11-29,1.3210709712316768
2022-11-30,1.3470742316318602
2022-12-01,1.3431220050116341
2022-12-04,1.3215117677734411
2022-12-05,1.3231404736396215
2022-12-06,1.3344517611689641
2022-12-07,1.336655743877786
2022-12-08,1.3429053423046653
2022-12-11,1.3309141821431096
2022-12-12,1.352849413441756
2022-12-13,1.3503615278755265
2022-12-14,1.327526025673785
2022-12-15,1.3396890217753505
2022-12-18,1.3356247282377267
2022-12-19,1.3581688564542342
2022-12-20,1.355740739910617
2022-12-21,1.3392967875644586
2022-12-22,1.3436263061399236
2022-12-26,1.3551953475792813
2022-12-27,1.348015593738001
2022-12-28,1.3559984938206315
2022-12-29,1.3625768218718777
2023-01-02,1.3744633862438622
2023-01-03,1.3856327223445013
2023-01-04,1.3692335967653022
2023-01-05,1.3941946348336869
2023-01-08,1.3983747308526218
2023-01-09,1.4023232219089345
2023-01-10,1.4015574313067167
2023-01-11,1.41711231944152
2023-01-12,1.4346918832173086
2023-01-15,1.431475562687994
2023-01-16,1.4260216393746385
2023-01-17,1.4228837656875024
2023-01-18,1.4436161454060799
2023-01-19,1.438984046153641
2023-01-22,1.4429288016460406
2023-01-23,1.447392800522383
2023-01-24,1.4541242866940725
2023-01-25,1.441341186982906
2023-01-26,1.4402317245006688
2023-01-29,1.4368473035952578
2023-01-30,1.4406090164559076
2023-01-31,1.4569782575238008
2023-02-01,1.428995148249591
2023-02-02,1.3938845830288864
2023-02-05,1.3953788085941894
2023-02-06,1.398509211153499
2023-02-07,1.4012473795019165
2023-02-08,1.390959636484806
2023-02-09,1.3936268291188716
2023-02-12,1.3849528497122885
2023-02-13,1.3854720930962312
2023-02-14,1.3717028045119652
2023-02-15,1.3720875675950306
2023-02-16,1.3766038643661587
2023-02-19,1.377496664141427
2023-02-20,1.3708884515788748
2023-02-21,1.3637086977375945
2023-02-22,1.3614636238257267
2023-02-23,1.3530100426900256
2023-02-26,1.3576907042733368
2023-02-27,1.3647285066859134
2023-02-28,1.3721846922567746
2023-03-01,1.3716542421810922
2023-03-02,1.3862192058788818
2023-03-05,1.3798276560232987
2023-03-06,1.354769493293169
2023-03-07,1.355135578556668
2023-03-08,1.3679000004482682
2023-03-09,1.3948857141576385
2023-03-12,1.4296974342652824
2023-03-13,1.422401877942691
2023-03-14,1.4335077094568047
2023-03-15,1.433963448254222
2023-03-16,1.485488081309779
2023-03-19,1.478517519047641
2023-03-20,1.4497872969907797
2023-03-21,1.4718233885150842
2023-03-22,1.4893655966517398
2023-03-23,1.4785100479198143
2023-03-26,1.4616888036184172
2023-03-27,1.474826781901343
2023-03-28,1.4677067970826747
2023-03-29,1.4796008325824856
2023-03-30,1.4712966740033149
2023-04-02,1.4825593992017856
2023-04-03,1.5095085043848058
2023-04-04,1.50965344426464
2023-04-05,1.500097871774528
2023-04-09,1.4876472372516416
2023-04-10,1.4969450558317388
2023-04-11,1.5053949014035264
2023-04-12,1.5244537484889646
2023-04-13,1.4974194724487222
2023-04-16,1.4905273570287625
2023-04-17,1.4980171626748433
2023-04-18,1.4903032231939672
2023-04-19,1.497666019666997
2023-04-20,1.481591888148251
2023-04-23,1.4860446803328535
2023-04-24,1.4920141114662386
2023-04-25,1.48622398740069
2023-04-26,1.4851107893545392
2023-04-27,1.4864070300324395
2023-04-30,1.481203389501272
2023-05-01,1.5066799353896863
2023-05-02,1.5237962892402306
2023-05-03,1.5318202805259071
2023-05-04,1.5067695889236041
2023-05-07,1.5101801587764079
2023-05-08,1.5200271052517538
2023-05-09,1.51644469945894
2023-05-10,1.5054546704261373
2023-05-11,1.5024624837316183
2023-05-14,1.506452065990977
2023-05-15,1.4859214067237152
2023-05-16,1.4807850063429866
2023-05-17,1.4625703967019446
2023-05-18,1.4777106372423758
2023-05-21,1.4731300887719398
2023-05-22,1.475633663706605
2023-05-23,1.4622678160249707
2023-05-24,1.449843330449477
2023-05-25,1.454576289927574
2023-05-28,1.4517297902256718
2023-05-29,1.4639525553498496
2023-05-30,1.4662947539234619
2023-05-31,1.4774454122045346
2023-06-01,1.455450411883276
2023-06-04,1.4656111457273358
2023-06-05,1.466862559638277
2023-06-06,1.4494062694716259
2023-06-07,1.4684277609179317
2023-06-08,1.4648976530199036
2023-06-11,1.4625517188823782
2023-06-12,1.4520884043613447
2023-06-13,1.4503364248860273
2023-06-14,1.462850563995439
2023-06-15,1.4625143632432458
2023-06-18,1.4571837135390278
2023-06-19,1.44660086097277
2023-06-20,1.4438029236017402
2023-06-21,1.4298505923857245
2023-06-22,1.4353829625412586
2023-06-25,1.4368062123922096
2023-06-26,1.4297347899044137
2023-06-27,1.4251437818550206
2023-06-28,1.4255397516298258
2023-06-29,1.4341016641190114
2023-07-02,1.4355958896843144
2023-07-03,1.4388458302888483
2023-07-04,1.4308106323114318
2023-07-05,1.4277138498273416
2023-07-06,1.4386142253262264
2023-07-09,1.438520836228395
2023-07-10,1.4438290725491336
2023-07-11,1.462514363243246
2023-07-12,1.4648192061777259
2023-07-13,1.4609304841440252
2023-07-16,1.4605905478279186
2023-07-17,1.478476427844594
2023-07-18,1.4771615093471275
2023-07-19,1.47147598107115
2023-07-20,1.465797923922999
2023-07-23,1.4603925629405157
2023-07-24,1.4678861041505096
2023-07-25,1.4734857144564824
2023-07-26,1.453246429174455
2023-07-27,1.463847959560279
2023-07-30,1.468405347534453
2023-07-31,1.4525366720309363
2023-08-01,1.445446571723574
2023-08-02,1.445084222023988
2023-08-03,1.4513823827817396
2023-08-06,1.4468474081910454
2023-08-07,1.4383228513409925
2023-08-08,1.4306836231383815
2023-08-09,1.4287934277982735
2023-08-10,1.4298804768970312
2023-08-13,1.4251213684715416
2023-08-14,1.4208516189186884
2023-08-15,1.4136046249269694
2023-08-16,1.4114828246242392
2023-08-17,1.4117032228951214
2023-08-20,1.4157002762823068
2023-08-21,1.4177772498180776
2023-08-22,1.431027295018401
2023-08-23,1.4320583106584601
2023-08-24,1.4302913889274893
2023-08-27,1.434598494119475
2023-08-28,1.4474824540562992
2023-08-29,1.4512105468417298
2023-08-30,1.4492904669903155
2023-08-31,1.4493091448098818
2023-09-03,1.4482445090946034
2023-09-04,1.4389504260784196
2023-09-05,1.431800556748445
2023-09-06,1.4342025243446694
2023-09-07,1.4337729344946448
2023-09-10,1.4362346711134815
2023-09-11,1.4295480117087511
2023-09-12,1.4257302653894022
2023-09-13,1.427523336067766
2023-09-14,1.437385224798765
2023-09-17,1.4446882522491828
2023-09-18,1.4429437439016917
2023-09-19,1.4423908804425296
2023-09-20,1.4345312539690365
2023-09-21,1.4385432496118746
2023-09-24,1.4314792982519053
2023-09-25,1.4200148526021188
2023-09-26,1.4007505495014514
2023-09-27,1.393208445960585
2023-09-28,1.38118366572381
2023-10-01,1.3656399842807467
2023-10-02,1.3619156270592292
2023-10-03,1.3607277177348136
2023-10-04,1.3599693982604224
2023-10-05,1.3687367667648374
2023-10-08,1.3906906758830502
2023-10-09,1.3899734476117047
2023-10-10,1.400130445891851
2023-10-11,1.3962305171664104
2023-10-12,1.4436161454060783
2023-10-15,1.434579816299909
2023-10-16,1.4368697169787357
2023-10-17,1.4552412203041347
2023-10-18,1.4748566664126483
2023-10-19,1.4799557111542445
2023-10-22,1.4739339821260737
2023-10-23,1.4725779724255614
2023-10-24,1.4792496895746388
2023-10-25,1.482981517923983
2023-10-26,1.4987754821492345
2023-10-29,1.491431363495771
2023-10-30,1.4821970495021992
2023-10-31,1.4810427602530027
2023-11-01,1.4836987461953288
2023-11-02,1.4886894595834403
2023-11-05,1.4777704062649895
2023-11-06,1.4712892028754883
2023-11-07,1.4570791177494578
2023-11-08,1.4630410777550162
2023-11-09,1.4481922111998187
2023-11-12,1.4539972775210204
2023-11-13,1.4667131370817479
2023-11-14,1.4640011176807233
2023-11-15,1.4803180608538309
2023-11-16,1.4798287019811942
2023-11-19,1.477643397091939
2023-11-20,1.493123573948477
2023-11-21,1.4866685195063685
2023-11-22,1.488913593418236
2023-11-23,1.496089611695603
2023-11-26,1.5048158889969718
2023-11-27,1.5248347760081173
2023-11-28,1.5273376038299997
2023-11-29,1.5212448990874772
2023-11-30,1.5479280321198736
2023-12-03,1.5159217205110855
2023-12-04,1.5086784620832798
2023-12-05,1.5132956190800657
2023-12-06,1.5155294863001934
2023-12-07,1.4975539527495996
2023-12-10,1.4806579971699372
2023-12-11,1.4788611909276603
2023-12-12,1.5148272002845007
2023-12-13,1.5213196103657416
2023-12-14,1.508824149075896
2023-12-17,1.5145769175023123
2023-12-18,1.524293119240694
2023-12-19,1.5179127760768507
2023-12-20,1.528532984282241
2023-12-21,1.5339719653399433
2023-12-25,1.5448125718162158
2023-12-26,1.5518429031009657
2023-12-27,1.542985881062633
2023-12-28,1.5413310262490603
2024-01-01,1.538338839554541
2024-01-02,1.5250738520985645
2024-01-03,1.5266726734534386
2024-01-04,1.5282864370639655
2024-01-07,1.5151708721645194
2024-01-08,1.5166650977298224
2024-01-09,1.5123953481769694
2024-01-10,1.5159030426915179
2024-01-11,1.5309498941341182
2024-01-14,1.5351411968447923
2024-01-15,1.5155220151723656
2024-01-16,1.4989585247809831
2024-01-17,1.511431572687349
2024-01-18,1.5163550459250221
2024-01-21,1.510426705994683
2024-01-22,1.5160076384810894
2024-01-23,1.5048681868917564
2024-01-24,1.5098701069716078
2024-01-25,1.5081143919323767
2024-01-28,1.5185403508142779
2024-01-29,1.5217417290879391
2024-01-30,1.5234787663076037
2024-01-31,1.5351860236117516
2024-02-01,1.5239232984132811
2024-02-04,1.5128212024630807
2024-02-05,1.5210357075083332
2024-02-06,1.5203745126956867
2024-02-07,1.5197842935973922
2024-02-08,1.5124551171995817
2024-02-11,1.5091752920837418
2024-02-12,1.4890630159747649
2024-02-13,1.4885213592073427
2024-02-14,1.497512861546553
2024-02-15,1.504109867417365
2024-02-18,1.5076325041875664
2024-02-19,1.5124663238913212
2024-02-20,1.5136803821631297
2024-02-21,1.5124214971243621
2024-02-22,1.5206546799891811
2024-02-25,1.517572839760744
2024-02-26,1.5169714139707096
2024-02-27,1.519971071793055
2024-02-28,1.5273151904465185
2024-02-29,1.55603420581164
2024-03-03,1.5796691186908185
2024-03-04,1.5898896215574905
2024-03-05,1.6049103240526978
2024-03-06,1.6138495284971222
2024-03-07,1.6280372002396732
2024-03-10,1.6307454840767845
2024-03-11,1.612613056841834
2024-03-12,1.6245108279055582
2024-03-13,1.6153549607541646
2024-03-14,1.6107826305243378
2024-03-17,1.6140026866175654
2024-03-18,1.611951862029187
2024-03-19,1.6334649746056353
2024-03-20,1.6297069973088987
2024-03-21,1.6177307794029958
2024-03-24,1.6225832769263169
2024-03-25,1.6277645040740047
2024-03-26,1.6398079621303463
2024-03-27,1.6683924971945905
2024-03-31,1.682251439312775
2024-04-01,1.7040260413631514
2024-04-02,1.7183071022035337
2024-04-03,1.7117922787388131
2024-04-04,1.7408923216230867
2024-04-07,1.7476088655391233
2024-04-08,1.757515581037081
2024-04-09,1.7436603744828099
2024-04-10,1.7723644475922782
2024-04-11,1.7514079340389053
2024-04-14,1.7807507885775407
2024-04-15,1.7804668857201331
2024-04-16,1.7640042555544084
2024-04-17,1.7774186655669153
2024-04-18,1.787146073997037
2024-04-21,1.7387107522977436
2024-04-22,1.734893005978395
2024-04-23,1.7302758489816088
2024-04-24,1.7426330944066637
2024-04-25,1.7467870414782058
2024-04-28,1.7449192595215772
2024-04-29,1.708056714825555
2024-04-30,1.7329729261269804
2024-05-01,1.7211984286723938
2024-05-02,1.7197116742349172
2024-05-05,1.7362863713180394
2024-05-06,1.7289198392810965
2024-05-07,1.7248518101795591
2024-05-08,1.7529096307320342
2024-05-09,1.7636082857796032
2024-05-12,1.7453600560633415
2024-05-13,1.761718090439495
2024-05-14,1.7827082240680874
2024-05-15,1.77585346428726
2024-05-16,1.8040644429601786
2024-05-19,1.8128915804872057
2024-05-20,1.8087787246187095
2024-05-21,1.7775120546647467
2024-05-22,1.7397791235769353
2024-05-23,1.7437612347084672
2024-05-26,1.7567423193070362
2024-05-27,1.764220918261377
2024-05-28,1.7468580171925574
2024-05-29,1.7507392680984317
2024-05-30,1.7386808677864372
2024-06-02,1.7561894558478741
2024-06-03,1.7385389163577338
2024-06-04,1.75965979472329
2024-06-05,1.7752072117302664
2024-06-06,1.7139925258837205
2024-06-09,1.7265739051435707
2024-06-10,1.730989341689041
2024-06-11,1.7370596330480839
2024-06-12,1.721448711454582
2024-06-13,1.7427488968879743
2024-06-16,1.732767470111751
2024-06-17,1.7404589962091477
2024-06-18,1.7394503939525683
2024-06-19,1.7632758205913226
2024-06-20,1.7347024922188181
2024-06-23,1.744082493205007
2024-06-24,1.7329990750743727
2024-06-25,1.7172163175408608
2024-06-26,1.7391366065838543
2024-06-27,1.7383110469590244
2024-06-30,1.7421586777896794
2024-07-01,1.7403880204947955
2024-07-02,1.7603172539720227
2024-07-03,1.7610942512659802
2024-07-04,1.786809873244843
2024-07-07,1.7626333035982424
2024-07-08,1.7661970315714899
2024-07-09,1.7716434837570187
2024-07-10,1.804557537396728
2024-07-11,1.801229149950016
2024-07-14,1.8098022691309412
2024-07-15,1.8445691624716258
2024-07-16,1.8370083811111932
2024-07-17,1.8269223585453989
2024-07-18,1.7936833108452364
2024-07-21,1.79039601460157
2024-07-22,1.8002803167160486
2024-07-23,1.7911244495646552
2024-07-24,1.766398752022806
2024-07-25,1.7833731544446465
2024-07-28,1.7809599801566822
2024-07-29,1.80119926543871
2024-07-30,1.8286108334341913
2024-07-31,1.8277255047867493
2024-08-01,1.8247893515509288
2024-08-04,1.8004596237838846
2024-08-05,1.7856966751986922
2024-08-06,1.7803025209079486
2024-08-07,1.8134444439463666
2024-08-08,1.816429159513059
2024-08-11,1.8470159568348092
2024-08-12,1.8416741004388515
2024-08-13,1.8288947362915986
2024-08-14,1.835390881936753
2024-08-15,1.8738634546793889
2024-08-18,1.8709833349022675
2024-08-19,1.8783237179918182
2024-08-20,1.8769340882160863
2024-08-21,1.8563660733096918
2024-08-22,1.877188106562188
2024-08-25,1.881196366641113
2024-08-26,1.8863701226609741
2024-08-27,1.8712859155792416
2024-08-28,1.8836319543125566
2024-08-29,1.870322140089621
2024-09-01,1.8673486312146683
2024-09-02,1.8625148115109134
2024-09-03,1.864453569181894
2024-09-04,1.88034465806889
2024-09-05,1.86596273700285
2024-09-08,1.8725709495654017
2024-09-09,1.880284889046278
2024-09-10,1.8765044983660617
2024-09-11,1.9116673614815518
2024-09-12,1.9265909393150145
2024-09-15,1.9295420348064878
2024-09-16,1.9197735351733203
2024-09-17,1.912085744639837
2024-09-18,1.9327135285688433
2024-09-19,1.9591052876160058
2024-09-22,1.963883073861062
2024-09-23,1.9852729128283728
2024-09-24,1.9850749279409698
2024-09-25,1.9966103493051084
2024-09-26,1.9863898464384369
2024-09-29,1.9684105773239298
2024-09-30,1.9900170789982095
2024-10-01,1.9863861108745233
2024-10-02,1.9844137331283236
2024-10-03,1.9827177871117048
2024-10-06,1.9743090327429627
2024-10-07,1.95890356716469
2024-10-08,1.948346863545825
2024-10-09,1.9648468493506819
2024-10-10,1.98521314380576
2024-10-13,1.9789411319954013
2024-10-14,1.989333470802083
2024-10-15,1.9977272829151718
2024-10-16,2.0119821948081613
2024-10-17,2.033566283098961
2024-10-20,2.031903957157562
2024-10-21,2.053783154997509
2024-10-22,2.0288520014404305
2024-10-23,2.0441603423569585
2024-10-24,2.0524794431917828
2024-10-27,2.048826061684617
2024-10-28,2.072924184489039
2024-10-29,2.0825582038213293
2024-10-30,2.0500401199564253
2024-10-31,2.0444367740865395
2024-11-03,2.0445525765678503
2024-11-04,2.050010235445119
2024-11-05,1.9866625426041031
2024-11-06,2.02231476459223
2024-11-07,2.0055906449525773
2024-11-10,1.9571329098698047
2024-11-11,1.941215672035416
2024-11-12,1.92219418058911
2024-11-13,1.9161350959218069
2024-11-14,1.9150144267478297
2024-11-17,1.951488472796873
2024-11-18,1.9665502664951258
2024-11-19,1.9801925459063412
2024-11-20,1.994525904641509
2024-11-21,2.0294086004635044
2024-11-24,1.9616342643852787
2024-11-25,1.967114336646027
2024-11-26,1.9694565352196394
2024-11-27,1.970584675521443
2024-11-28,1.9801103635002488
2024-12-01,1.9715970133419356
2024-12-02,1.9752802793604074
2024-12-03,1.980009503274591
2024-12-04,1.9663448104798962
2024-12-05,1.9673945039395213
2024-12-08,1.9877832117780794
2024-12-09,2.0126284473651532
2024-12-10,2.0308355858783687
2024-12-11,2.0028786255515514
2024-12-12,1.9788626851532207
2024-12-15,1.9819445253816577
2024-12-16,1.9773086905653054
2024-12-17,1.9317422819513943
2024-12-18,1.9383878501530791
2024-12-19,1.9601325676921495
2024-12-22,1.9521011052786466
2024-12-23,1.9551007631009918
2024-12-25,1.9677942092782397
2024-12-26,1.9589558650594732
2024-12-29,1.9468451668526932
2024-12-30,1.9605920420534797
2025-01-01,1.9859976122275422
2025-01-02,1.9721722901845773
2025-01-05,1.969467741911379
2025-01-06,1.978821593950175
2025-01-07,1.9885564735081236
2025-01-08,1.9950451480254512
2025-01-09,2.009266439843221
2025-01-12,1.9897182338851462
2025-01-13,2.000401946677062
2025-01-14,2.0144140469156895
2025-01-15,2.0283140802369197
2025-01-16,2.019557918424245
2025-01-19,2.0231104397057527
2025-01-20,2.0507237281525494
2025-01-21,2.059300582897388
2025-01-22,2.0581873848512373
2025-01-23,2.07016360275714
2025-01-26,2.047578383337587
2025-01-27,2.064586405834647
2025-01-28,2.062098520268418
2025-01-29,2.087560123901179
2025-01-30,2.090376739091775
2025-02-02,2.102905820456839
2025-02-03,2.123541075513672
2025-02-04,2.1421180348543003
2025-02-05,2.133694338229905
2025-02-06,2.1376615071057845
2025-02-09,2.1727347166873567
2025-02-10,2.1648452057025573
2025-02-11,2.1695856363084807
2025-02-12,2.187792774821696
2025-02-13,2.1535391479626926
2025-02-16,2.1654989293873768
2025-02-17,2.1931234245259144
2025-02-18,2.191476040840168
2025-02-19,2.1960259576865147
2025-02-20,2.1935604855037654
2025-02-23,2.2055254967179283
2025-02-24,2.177867381504172
2025-02-25,2.178786330226833
2025-02-26,2.149589162680815
2025-02-27,2.135352928607391
2025-03-02,2.1613860735188806
2025-03-03,2.1799630328595083
2025-03-04,2.1810089907552204
2025-03-05,2.174860252553999
2025-03-06,2.1746249120274634
2025-03-09,2.1587823854713397
2025-03-10,2.1783530048128945
2025-03-11,2.191737530314095
2025-03-12,2.2328922379464498
2025-03-13,2.230064416064114
2025-03-16,2.2421825853987203
2025-03-17,2.266855985045784
2025-03-18,2.27653109558112
2025-03-19,2.274704404827537
2025-03-20,2.2592578480462184
2025-03-23,2.250415768263539
2025-03-24,2.256347843757791
2025-03-25,2.2559070472160268
2025-03-26,2.283651080399788
2025-03-27,2.3051006883897105
2025-03-30,2.333823439318745
2025-03-31,2.326864083748347
2025-04-01,2.3416793302283248
2025-04-02,2.326979886229658
2025-04-03,2.269642715725073
2025-04-06,2.2278791111748575
2025-04-07,2.22807709606226
2025-04-08,2.3033113532752596
2025-04-09,2.372355781083993
2025-04-10,2.41909889233058
2025-04-13,2.398740069003328
2025-04-14,2.4130211298437105
2025-04-15,2.497672743682032
2025-04-16,2.4859243951748384
2025-04-20,2.558289739302457
2025-04-21,2.526107856189746
2025-04-22,2.4566861364257737
2025-04-23,2.5020732379718487
2025-04-24,2.4799250795301466
2025-04-27,2.4982517560885866
2025-04-28,2.478285166972227
2025-04-29,2.4566002184557685
2025-04-30,2.4192445793231965
2025-05-01,2.421355172934187
2025-05-04,2.4910197043525213
2025-05-05,2.563448553066665
2025-05-06,2.513552625877289
2025-05-07,2.469939917190011
2025-05-08,2.484441376301276
2025-05-11,2.416965885336111
2025-05-12,2.428251023918061
2025-05-13,2.3740143714614796
2025-05-14,2.42062300240719
2025-05-15,2.3940743496756713
2025-05-18,2.4133610661598186
2025-05-19,2.4578404256749717
2025-05-20,2.4768918016325836
2025-05-21,2.461792652295198
2025-05-22,2.5088981132413712
2025-05-25,2.4972057981928764
2025-05-26,2.4660325173367452
2025-05-27,2.4569177413883976
2025-05-28,2.4786325744161615
2025-05-29,2.4577769210884464
2025-06-01,2.52663830626543
2025-06-02,2.505356798651604
2025-06-03,2.5196005038528533
2025-06-04,2.504867439778967
2025-06-05,2.4729283683206176
2025-06-08,2.484654303444332
2025-06-09,2.4826221566755198
2025-06-10,2.506750163991248
2025-06-11,2.5301572074717176
2025-06-12,2.56471490923326
2025-06-15,2.5291411340873116
2025-06-16,2.531558043939189
2025-06-17,2.517276983098807
2025-06-18,2.518053980392765
2025-06-19,2.5168361865570428
2025-06-22,2.5171723873092358
2025-06-23,2.4828761750216213
2025-06-24,2.489626339012877
2025-06-25,2.4862568603631194
2025-06-26,2.446177995137783
2025-06-29,2.4678255880151085
2025-06-30,2.4944788365361985
2025-07-01,2.5082668029400312
2025-07-02,2.4849195284821737
2025-07-03,2.492827717286539
2025-07-06,2.4926969725495756
2025-07-07,2.4667572167359175
2025-07-08,2.4757076278720818
2025-07-09,2.4834140962251317
2025-07-10,2.50706021579605
2025-07-13,2.4981621025546716
2025-07-14,2.484153737879957
2025-07-15,2.5010347512039663
2025-07-16,2.494654408040123
2025-07-17,2.5028987975966817
2025-07-20,2.5379869494339067
2025-07-21,2.5637623404353813
2025-07-22,2.5308071955926263
2025-07-23,2.5168063020457385
2025-07-24,2.493167653602647
2025-07-27,2.476267962459071
2025-07-28,2.4853976806630715
2025-07-29,2.4470259681460935
2025-07-30,2.4580907084571617
2025-07-31,2.5124618412146202
2025-08-03,2.520485832500297
2025-08-04,2.5259584336332184
2025-08-05,2.517224685204023
2025-08-06,2.537553624019969
2025-08-07,2.538487514998283
2025-08-10,2.4973514851854945
2025-08-11,2.501591350227041
2025-08-12,2.5070826291795294
2025-08-13,2.4920581911204085
2025-08-14,2.4921441090904133
2025-08-17,2.490048457735076
2025-08-18,2.4772018534373843
2025-08-19,2.501695946016612
2025-08-20,2.494392918566194
2025-08-21,2.518689026258019
2025-08-24,2.5145724348256095
2025-08-25,2.5355102705594166
2025-08-26,2.5384800438704556
2025-08-27,2.5529292050869343
2025-08-28,2.575622755859972
2025-08-31,2.5972367286620783
2025-09-01,2.639956637574088
2025-09-02,2.65916864277997
2025-09-03,2.649183480439833
2025-09-04,2.6795536150546146
2025-09-07,2.7163900108032437
2025-09-08,2.7092662904206626
2025-09-09,2.7199275898290987
2025-09-10,2.715097505689257
2025-09-11,2.721795371785727
2025-09-14,2.748471033690296
2025-09-15,2.756737836630334
2025-09-16,2.734414106684709
2025-09-17,2.7226134602827297
2025-09-18,2.753091926250995
2025-09-21,2.7989497088501407
2025-09-22,2.8122856720204688
2025-09-23,2.7913366295949222
2025-09-24,2.8012545517846204
2025-09-25,2.809035731415935
2025-09-28,2.864340755151708
2025-09-29,2.8826973162214538
2025-09-30,2.8879868747226265
2025-10-01,2.8812852730622427
2025-10-02,2.9036202096996075
2025-10-05,2.9590821271197374
2025-10-06,2.976743873301617
2025-10-07,3.019755156198861
2025-10-08,2.970699730889967
2025-10-09,3.0009129718203913
2025-10-12,3.0708838194796124
2025-10-13,3.0950080912314277
2025-10-14,3.143656340073776
2025-10-15,3.232058460081008
2025-10-16,3.178374671083589
2025-10-19,3.2542701231092357
2025-10-20,3.0820419488885125
2025-10-21,3.062714141201319
2025-10-22,3.082606019039414
2025-10-23,3.0736929635423826
2025-10-26,2.9749918938263007
2025-10-27,2.9533368298211484
2025-10-28,2.936597767925843
2025-10-29,3.006774071600293
2025-10-30,2.9905505175250164
2025-11-02,2.9896502466219212
2025-11-03,2.9377221726637326
2025-11-04,2.9735947929227415
2025-11-05,2.9713721323943534
2025-11-06,2.989403699403646
2025-11-09,3.074675416851568
2025-11-10,3.082964633175086
2025-11-11,3.1342950169071537
2025-11-12,3.1167640154622376
2025-11-13,3.052557142921173
2025-11-16,3.022560564697718
2025-11-17,3.0388252099760398
2025-11-18,3.046613860735181
2025-11-19,3.0463785202086457
2025-11-20,3.037020932605937
2025-11-23,3.088545565661494
2025-11-24,3.085986704380913
2025-11-25,3.1106601040279767
2025-11-26,3.1070926404908166
2025-11-27,3.1496930113576016
2025-11-30,3.161997958887871
2025-12-01,3.1421471722528223
2025-12-02,3.1402009434540146
2025-12-03,3.144403452856429
2025-12-04,3.1368912338268693
2025-12-07,3.1308956537460912
2025-12-08,3.143787084810742
2025-12-09,3.1593718574568506
2025-12-10,3.1970861107250954
2025-12-11,3.2121628466790018
2025-12-14,3.2162532891640176
2025-12-15,3.214247291342599
2025-12-16,3.240848241968903
2025-12-17,3.2369333709878094
2025-12-18,3.2415467924206824
2025-12-21,3.319974956779517
2025-12-22,3.350464629439523
2025-12-23,3.3466282053006076
2025-12-25,3.3868191374433416
2025-12-28,3.23691095760433
2025-12-29,3.2420249446015785
2025-12-30,3.2294771854169477
2026-01-01,3.236541136776917
2026-01-04,3.3240317791893146
2026-01-05,3.3579992618525627
2026-01-06,3.329620182803547
2026-01-07,3.3452460466527016
2026-01-08,3.3692246314118997
2026-01-11,3.4349630851574
2026-01-12,3.426262956803424
2026-01-13,3.4565733223955926
2026-01-14,3.4487024892303597
2026-01-15,3.4339694251564734
2026-01-18,3.4892370932531143
2026-01-19,3.5587746154983972
2026-01-20,3.609585755846522
2026-01-21,3.6877897863705615
2026-01-22,3.7262586235492843
2026-01-25,3.74219453920324
2026-01-26,3.870511159623625
2026-01-27,4.04823434836075
2026-01-28,4.012227247800864
2026-01-29,3.657445800703173
2026-02-01,3.4823225644496754
2026-02-02,3.695821248784065
2026-02-03,3.709007789397863
2026-02-04,3.571703402202181
2026-02-05,3.7091310630070002
2026-02-08,3.778728354274895
2026-02-09,3.754331386357412
2026-02-10,3.7985305785790713
2026-02-11,3.6772442894434363
2026-02-12,3.7674955135877304
2026-02-15,3.72959074655991
2026-02-16,3.644386269262426
2026-02-17,3.7185745685797142
2026-02-18,3.732941547390101
2026-02-19,3.8159046863396306
2026-02-22,3.9050613902573406
2026-02-23,3.843092120500317
2026-02-24,3.8575823729198406
2026-02-25,3.873932936168168
2026-02-26,3.943642294353461
2026-03-01,3.9760856669400995
2026-03-02,3.8019336773040484
2026-03-03,3.8408657244080144
2026-03-04,3.796363951509382
2026-03-05,3.86369375548193
2026-03-08,3.8386019726765817
2026-03-09,3.8793905950454377
2026-03-10,3.8674143771395344
2026-03-11,3.7947763368462484
2026-03-12,3.750954436579828
2026-03-15,3.7404687086753143
2026-03-16,3.739863547321367
2026-03-17,3.599899438619446
2026-03-18,3.4749709746683846
2026-03-19,3.360124797719205
2026-03-22,3.2921562123174906
2026-03-23,3.342780574469953
2026-03-24,3.3671215089287365
2026-03-25,3.2708971180871442
2026-03-26,3.3572895047090436
2026-03-29,3.3699642730667247
2026-03-30,3.487429080319098
2026-03-31,3.5549120424120897
2026-04-01,3.4940559707012167
2026-04-05,3.4740370836900714
2026-04-06,3.5150236909463297
2026-04-07,3.5255953368208472
2026-04-08,3.5602949900110934
2026-04-09,3.548550377067813
2026-04-12,3.5415686081139355
2026-04-13,3.6173407865304448
2026-04-14,3.579372514916098
2026-04-15,3.5791633233369557
2026-04-16,3.609757591786532
2026-04-19,3.601404870876489
2026-04-20,3.5268878419348337
2026-04-21,3.5416545260839394
2026-04-22,3.507126708833703
2026-04-23,3.518714428092627
2026-04-26,3.4979484282988302
2026-04-27,3.434328039292147
2026-04-28,3.3946675572250955
2026-04-29,3.4532038437458357
2026-04-30,3.4470812544920073
2026-05-03,3.3800241466851273
2026-05-04,3.404992655881338
2026-05-05,3.504657501087041
2026-05-06,3.5018520925881846
2026-05-07,3.5231672202772297
2026-05-10,3.537918962170682
2026-05-11,3.5230065910289596
2026-05-12,3.503316433642181
2026-05-13,3.475695674067557
2026-05-14,3.3923739209823554
2026-05-17,3.4114365036317067
2026-05-18,3.3486454098137663
2026-05-19,3.394660086097269
2026-05-20,3.3944508945181266
2026-05-21,3.36924704479538
2026-05-24,3.4145332861157978
2026-05-25,3.3676631656961593
2026-05-26,3.3292242130287426
2026-05-27,3.3588509704247853
2026-05-28,3.3922880030123506
2026-05-31,3.3505953741764873
2026-06-01,3.3530160195922774
2026-06-02,3.3132322639160883
2026-06-03,3.3435463650721706
2026-06-04,3.2334182053454352
