,0
2019-02-24,1.0143042
2019-03-03,1.0143042
2019-03-10,1.0143042
2019-03-17,1.0143042
2019-03-24,1.0143042
2019-03-31,1.0143042
2019-04-07,1.0143042
2019-04-14,1.0143042
2019-04-21,1.0143042
2019-04-28,1.0143042
2019-05-05,1.0357694126324999
2019-05-12,1.0357694126324999
2019-05-19,1.036405974546031
2019-05-26,1.036405974546031
2019-06-02,1.03300881554051
2019-06-09,1.0579315994277667
2019-06-16,1.0673929242773001
2019-06-23,1.1319403643160142
2019-06-30,1.1438438491871614
2019-07-07,1.153010092801732
2019-07-14,1.1626702339812285
2019-07-21,1.1690751419925407
2019-07-28,1.1714723683662545
2019-08-04,1.1921510414984693
2019-08-11,1.2158704268852836
2019-08-18,1.2700356305973828
2019-08-25,1.2933619940138759
2019-09-01,1.3088030548518093
2019-09-08,1.3527813242206344
2019-09-15,1.3527813242206344
2019-09-22,1.370436262028743
2019-09-29,1.4011776141713195
2019-10-06,1.4170456757511751
2019-10-13,1.4172631941896
2019-10-20,1.4172631941896
2019-10-27,1.445680171591018
2019-11-03,1.465650942479033
2019-11-10,1.465650942479033
2019-11-17,1.4796251942556735
2019-11-24,1.4648033793873263
2019-12-01,1.4951971706275855
2019-12-08,1.597488692740599
2019-12-15,1.6270620424160902
2019-12-22,1.6412055865232946
2019-12-29,1.6914857249925808
2020-01-05,1.7854734675989385
2020-01-12,1.7854734675989385
2020-01-19,1.8279973749873553
2020-01-26,1.9076805117620041
2020-02-02,1.9076805117620041
2020-02-09,1.9076805117620041
2020-02-16,1.9191606716092986
2020-02-23,2.0580397740299694
2020-03-01,2.037074317047949
2020-03-08,2.0981001815054565
2020-03-15,2.0981001815054565
2020-03-22,2.1159771500437152
2020-03-29,2.1453693590759464
2020-04-05,2.1612214836104835
2020-04-12,2.224891284639797
2020-04-19,2.2165319054606463
2020-04-26,2.2802062175088142
2020-05-03,2.2709529643157107
2020-05-10,2.2709529643157107
2020-05-17,2.3261997996503974
2020-05-24,2.3261997996503974
2020-05-31,2.338308247764993
2020-06-07,2.338308247764993
2020-06-14,2.389812760553564
2020-06-21,2.419626525777507
2020-06-28,2.437047456748214
2020-07-05,2.4541163306843505
2020-07-12,2.512882600338918
2020-07-19,2.5401938024444837
2020-07-26,2.7433784463877213
2020-08-02,2.8766336650154907
2020-08-09,2.939793563601497
2020-08-16,2.939793563601497
2020-08-23,3.008100548989847
2020-08-30,3.0282027107975926
2020-09-06,3.0282027107975926
2020-09-13,3.078842739089718
2020-09-20,3.0769689553987085
2020-09-27,3.0769689553987085
2020-10-04,3.1176053408121933
2020-10-11,3.2181153781973078
2020-10-18,3.1990770985022157
2020-10-25,3.1946839692148146
2020-11-01,3.1946839692148146
2020-11-08,3.21534367097533
2020-11-15,3.2366138255004326
2020-11-22,3.2366138255004326
2020-11-29,3.2366138255004326
2020-12-06,3.2366138255004326
2020-12-13,3.2366138255004326
2020-12-20,3.2366138255004326
2020-12-27,3.2366138255004326
2021-01-03,3.3055554097545006
2021-01-10,3.3055554097545006
2021-01-17,3.3055554097545006
2021-01-24,3.3055554097545006
2021-01-31,3.3055554097545006
2021-02-07,3.3055554097545006
2021-02-14,3.3055554097545006
2021-02-21,3.3055554097545006
2021-02-28,3.3055554097545006
2021-03-07,3.3055554097545006
2021-03-14,3.3055554097545006
2021-03-21,3.3055554097545006
2021-03-28,3.3055554097545006
2021-04-04,3.3055554097545006
2021-04-11,3.3055554097545006
2021-04-18,3.3055554097545006
2021-04-25,3.3055554097545006
2021-05-02,3.3055554097545006
2021-05-09,3.3055554097545006
2021-05-16,3.387035343245542
2021-05-23,3.4319027230304466
2021-05-30,3.514467781931385
2021-06-06,3.557381190782658
2021-06-13,3.557381190782658
2021-06-20,3.557381190782658
2021-06-27,3.557381190782658
2021-07-04,3.634673123391031
2021-07-11,3.634673123391031
2021-07-18,3.6428470214935524
2021-07-25,3.683337405355595
2021-08-01,3.683337405355595
2021-08-08,3.8731179034266354
2021-08-15,3.9659356247350934
2021-08-22,3.9659356247350934
2021-08-29,3.9659356247350934
2021-09-05,3.9659356247350934
2021-09-12,4.024406436210823
2021-09-19,4.255066498424177
2021-09-26,4.449721323500988
2021-10-03,4.448319216311953
2021-10-10,4.4753397693577455
2021-10-17,4.4753397693577455
2021-10-24,4.4753397693577455
2021-10-31,4.506053478625887
2021-11-07,4.506053478625887
2021-11-14,4.506053478625887
2021-11-21,4.506053478625887
2021-11-28,4.506053478625887
2021-12-05,4.506053478625887
2021-12-12,4.603941632579512
2021-12-19,4.685373850205763
2021-12-26,4.685373850205763
2022-01-02,4.702710187864433
2022-01-09,4.702710187864433
2022-01-16,4.702710187864433
2022-01-23,4.702710187864433
2022-01-30,4.702710187864433
2022-02-06,4.702710187864433
2022-02-13,4.826528015517267
2022-02-20,4.941403726161791
2022-02-27,5.211108012237565
2022-03-06,5.401657477524428
2022-03-13,5.506896349661793
2022-03-20,5.506896349661793
2022-03-27,5.637726990378518
2022-04-03,5.651624942898556
2022-04-10,5.69907508410373
2022-04-17,5.755285325442079
2022-04-24,5.895891550170889
2022-05-01,5.895891550170889
2022-05-08,5.895891550170889
2022-05-15,5.977709426801765
2022-05-22,5.977709426801765
2022-05-29,5.977709426801765
2022-06-05,6.008671567440894
2022-06-12,6.008671567440894
2022-06-19,6.008671567440894
2022-06-26,6.008671567440894
2022-07-03,6.008671567440894
2022-07-10,6.289152150138938
2022-07-17,6.518350866522527
2022-07-24,6.635855873923155
2022-07-31,6.635855873923155
2022-08-07,6.635855873923155
2022-08-14,6.711859931738777
2022-08-21,6.859597365440252
2022-08-28,7.011831037851994
2022-09-04,7.102840731257881
2022-09-11,7.204095277302328
2022-09-18,7.54617525785928
2022-09-25,7.7367050529399215
2022-10-02,7.7367050529399215
2022-10-09,7.813830284991138
2022-10-16,7.983001273427253
2022-10-23,7.986389741419768
2022-10-30,8.035146511331602
2022-11-06,8.032118868126133
2022-11-13,8.032118868126133
2022-11-20,8.111014244474255
2022-11-27,8.108207022444242
2022-12-04,8.024695733395875
2022-12-11,8.024695733395875
2022-12-18,8.024695733395875
2022-12-25,8.024695733395875
2023-01-01,8.246190175150774
2023-01-08,8.385159470553242
2023-01-15,8.58939344571372
2023-01-22,8.736645712250313
2023-01-29,8.94353734569754
2023-02-05,8.94353734569754
2023-02-12,8.94353734569754
2023-02-19,8.94353734569754
2023-02-26,8.94353734569754
2023-03-05,8.94353734569754
2023-03-12,8.94353734569754
2023-03-19,8.94353734569754
2023-03-26,8.94353734569754
2023-04-02,9.000963042222411
2023-04-09,9.02305500591324
2023-04-16,9.033246599715579
2023-04-23,9.014059449484625
2023-04-30,9.014059449484625
2023-05-07,9.207750854717316
2023-05-14,9.205773029833724
2023-05-21,9.205773029833724
2023-05-28,9.205773029833724
2023-06-04,9.272969685255296
2023-06-11,9.39170913477802
2023-06-18,9.39170913477802
2023-06-25,9.39170913477802
2023-07-02,9.39170913477802
2023-07-09,9.39170913477802
2023-07-16,9.39170913477802
2023-07-23,9.393067018621178
2023-07-30,9.434360868540363
2023-08-06,9.547554330241109
2023-08-13,9.547554330241109
2023-08-20,9.547554330241109
2023-08-27,9.547554330241109
2023-09-03,9.547554330241109
2023-09-10,9.547554330241109
2023-09-17,9.547554330241109
2023-09-24,9.547554330241109
2023-10-01,9.547554330241109
2023-10-08,9.547554330241109
2023-10-15,9.547554330241109
2023-10-22,9.547554330241109
2023-10-29,9.821101309356846
2023-11-05,9.761493003910354
2023-11-12,9.761493003910354
2023-11-19,10.022868692881659
2023-11-26,10.207895723988573
2023-12-03,11.072920973955945
2023-12-10,11.072920973955945
2023-12-17,11.249713495440506
2023-12-24,11.450984369530131
2023-12-31,11.759819708173232
2024-01-07,11.759819708173232
2024-01-14,11.900518552451812
2024-01-21,11.900518552451812
2024-01-28,11.968070620504692
2024-02-04,11.930510739437725
2024-02-11,11.930510739437725
2024-02-18,11.933008183588365
2024-02-25,12.024407837497609
2024-03-03,12.585486547099123
2024-03-10,12.957342178824629
2024-03-17,12.957342178824629
2024-03-24,13.023553320247395
2024-03-31,13.931913605451351
2024-04-07,14.380164879740402
2024-04-14,14.592895384182539
2024-04-21,14.592895384182539
2024-04-28,14.620981776129913
2024-05-05,14.620981776129913
2024-05-12,15.047687818775376
2024-05-19,15.377228162218874
2024-05-26,15.377228162218874
2024-06-02,15.377228162218874
2024-06-09,15.593279755620864
2024-06-16,15.619962276460619
2024-06-23,15.840294340339918
2024-06-30,15.840294340339918
2024-07-07,15.904487392226141
2024-07-14,16.196551701180145
2024-07-21,16.589523776140368
2024-07-28,16.589523776140368
2024-08-04,16.812118688263865
2024-08-11,17.072441483064487
2024-08-18,17.47751759488901
2024-08-25,17.98530065233212
2024-09-01,17.98530065233212
2024-09-08,18.016900833639895
2024-09-15,18.882486800390456
2024-09-22,19.220383236937405
2024-09-29,19.5731983577496
2024-10-06,19.91191451265029
2024-10-13,19.957134842783983
2024-10-20,20.431554020495636
2024-10-27,21.36743361133685
2024-11-03,21.4373393071397
2024-11-10,21.4373393071397
2024-11-17,21.4373393071397
2024-11-24,22.03785920568274
2024-12-01,22.08520766779548
2024-12-08,22.17630150116269
2024-12-15,22.700154530483456
2024-12-22,22.700154530483456
2024-12-29,22.700154530483456
2025-01-05,22.89143591914873
2025-01-12,23.324388514118365
2025-01-19,23.652357405893085
2025-01-26,23.935474325540874
2025-02-02,24.77126279222984
2025-02-09,25.557408789896808
2025-02-16,26.182062529612434
2025-02-23,26.64466291962314
2025-03-02,26.64466291962314
2025-03-09,26.992543632100613
2025-03-16,27.781495537531587
2025-03-23,28.1637522472307
2025-03-30,29.038320366012925
2025-04-06,29.03587243560607
2025-04-13,30.22432350104674
2025-04-20,31.06325502477417
2025-04-27,31.06325502477417
2025-05-04,31.06325502477417
2025-05-11,31.653428913315356
2025-05-18,31.653428913315356
2025-05-25,32.410455484549104
2025-06-01,32.85358419611605
2025-06-08,32.84551864119591
2025-06-15,33.75438698751644
2025-06-22,33.664644545153166
2025-06-29,33.664644545153166
2025-07-06,33.912272835957594
2025-07-13,34.72829707475468
2025-07-20,35.18521765549008
2025-07-27,35.986884691596295
2025-08-03,36.45457918066845
2025-08-10,39.07191953847666
2025-08-17,39.07191953847666
2025-08-24,40.00853596488521
2025-08-31,41.50741175542008
2025-09-07,43.16066636685558
2025-09-14,43.659052536900845
2025-09-21,44.508810505952816
2025-09-28,45.37237995187654
2025-10-05,47.11843617508861
2025-10-12,48.35433676568239
2025-10-19,50.68733680595304
2025-10-26,52.17344897123414
2025-11-02,52.261959795020694
2025-11-09,52.73167063626994
2025-11-16,54.018834897000104
2025-11-23,54.50658995156086
2025-11-30,57.16417865914711
2025-12-07,56.84964107519129
2025-12-14,58.01855035665457
2025-12-21,59.98687732435386
2025-12-28,63.48627179994737
2026-01-04,64.33834593957299
2026-01-11,65.92541852187199
2026-01-18,66.88238530459363
2026-01-25,70.09778273106609
2026-02-01,70.09778273106609
2026-02-08,71.3382737941511
2026-02-15,72.31609324539278
2026-02-22,74.46649182574711
2026-03-01,76.61843939982592
2026-03-08,76.61843939982592
2026-03-15,78.88902685143977
2026-03-22,78.88902685143977
2026-03-29,79.51199847806487
2026-04-05,81.47551547568128
2026-04-12,83.90575900373834
2026-04-19,85.50416371275955
2026-04-26,85.50416371275955
2026-05-03,85.50416371275955
2026-05-10,88.04314145087898
2026-05-17,89.30553042594411
2026-05-24,89.30553042594411
2026-05-31,89.30553042594411
2026-06-07,89.30553042594411
