exit_ts,0
2019-02-20,1.0143042
2019-02-21,1.0143042
2019-02-22,1.0143042
2019-02-23,1.0143042
2019-02-24,1.0143042
2019-02-25,0.99211162982568
2019-02-26,0.99211162982568
2019-02-27,0.99211162982568
2019-02-28,0.99211162982568
2019-03-01,0.99211162982568
2019-03-02,0.99211162982568
2019-03-03,0.99211162982568
2019-03-04,0.99211162982568
2019-03-05,0.99211162982568
2019-03-06,0.99211162982568
2019-03-07,0.99211162982568
2019-03-08,0.99211162982568
2019-03-09,0.99211162982568
2019-03-10,0.99211162982568
2019-03-11,0.99211162982568
2019-03-12,0.99211162982568
2019-03-13,0.99211162982568
2019-03-14,0.99211162982568
2019-03-15,0.99211162982568
2019-03-16,0.99211162982568
2019-03-17,0.99211162982568
2019-03-18,0.99211162982568
2019-03-19,0.99211162982568
2019-03-20,0.99211162982568
2019-03-21,0.99211162982568
2019-03-22,0.99211162982568
2019-03-23,0.99211162982568
2019-03-24,0.99211162982568
2019-03-25,0.99211162982568
2019-03-26,0.99211162982568
2019-03-27,0.99211162982568
2019-03-28,0.99211162982568
2019-03-29,0.99211162982568
2019-03-30,0.99211162982568
2019-03-31,0.99211162982568
2019-04-01,0.99211162982568
2019-04-02,0.99211162982568
2019-04-03,0.99211162982568
2019-04-04,0.99211162982568
2019-04-05,0.99211162982568
2019-04-06,0.99211162982568
2019-04-07,0.99211162982568
2019-04-08,0.99211162982568
2019-04-09,0.99211162982568
2019-04-10,0.99211162982568
2019-04-11,0.99211162982568
2019-04-12,0.99211162982568
2019-04-13,0.99211162982568
2019-04-14,0.99211162982568
2019-04-15,0.99211162982568
2019-04-16,0.99211162982568
2019-04-17,0.99211162982568
2019-04-18,0.99211162982568
2019-04-19,0.99211162982568
2019-04-20,0.99211162982568
2019-04-21,0.99211162982568
2019-04-22,0.99211162982568
2019-04-23,0.99211162982568
2019-04-24,0.99211162982568
2019-04-25,0.99211162982568
2019-04-26,0.99211162982568
2019-04-27,0.99211162982568
2019-04-28,0.99211162982568
2019-04-29,0.99211162982568
2019-04-30,0.9816000086853509
2019-05-01,1.0023731188691547
2019-05-02,1.0023731188691547
2019-05-03,0.9916972437293269
2019-05-04,0.9916972437293269
2019-05-05,0.9916972437293269
2019-05-06,0.9805020727145909
2019-05-07,0.9805020727145909
2019-05-08,0.9805020727145909
2019-05-09,0.9805020727145909
2019-05-10,0.9805020727145909
2019-05-11,0.9805020727145909
2019-05-12,0.9805020727145909
2019-05-13,0.9704126083361505
2019-05-14,0.9704126083361505
2019-05-15,0.9704126083361505
2019-05-16,0.9704126083361505
2019-05-17,0.9704126083361505
2019-05-18,0.9704126083361505
2019-05-19,0.9704126083361505
2019-05-20,0.9704126083361505
2019-05-21,0.9597434069137987
2019-05-22,0.9597434069137987
2019-05-23,0.9597434069137987
2019-05-24,0.9597434069137987
2019-05-25,0.9597434069137987
2019-05-26,0.9597434069137987
2019-05-27,0.9597434069137987
2019-05-28,0.9480727351370455
2019-05-29,0.9383205745616053
2019-05-30,0.9383205745616053
2019-05-31,0.9383205745616053
2019-06-01,0.9383205745616053
2019-06-02,0.9383205745616053
2019-06-03,0.9397030960961644
2019-06-04,0.9397030960961644
2019-06-05,0.919731022372975
2019-06-06,0.919731022372975
2019-06-07,0.94056568922279
2019-06-08,0.94056568922279
2019-06-09,0.94056568922279
2019-06-10,0.9309816070193166
2019-06-11,0.921013866247443
2019-06-12,0.9449127024543782
2019-06-13,0.9449127024543782
2019-06-14,0.9247743449745895
2019-06-15,0.9247743449745895
2019-06-16,0.9247743449745895
2019-06-17,0.9265929137239821
2019-06-18,0.9166823538966645
2019-06-19,0.9345522513717615
2019-06-20,0.9345522513717615
2019-06-21,0.9614445531363346
2019-06-22,0.9614445531363346
2019-06-23,0.9614445531363346
2019-06-24,0.9614445531363346
2019-06-25,0.9817009399929981
2019-06-26,0.9817009399929981
2019-06-27,0.9612866652860317
2019-06-28,0.9612866652860317
2019-06-29,0.9612866652860317
2019-06-30,0.9612866652860317
2019-07-01,0.9612866652860317
2019-07-02,0.9612866652860317
2019-07-03,0.9612866652860317
2019-07-04,0.9513357141129903
2019-07-05,0.9513357141129903
2019-07-06,0.9513357141129903
2019-07-07,0.9513357141129903
2019-07-08,0.9513357141129903
2019-07-09,0.9513357141129903
2019-07-10,0.9413283283355216
2019-07-11,0.9413283283355216
2019-07-12,0.9413283283355216
2019-07-13,0.9413283283355216
2019-07-14,0.9413283283355216
2019-07-15,0.9311039965644725
2019-07-16,0.9311039965644725
2019-07-17,0.950588185686181
2019-07-18,0.950588185686181
2019-07-19,0.9306601500202744
2019-07-20,0.9306601500202744
2019-07-21,0.9306601500202744
2019-07-22,0.9104886496646749
2019-07-23,0.9104886496646749
2019-07-24,0.9104886496646749
2019-07-25,0.9104886496646749
2019-07-26,0.9104886496646749
2019-07-27,0.9104886496646749
2019-07-28,0.9104886496646749
2019-07-29,0.9104886496646749
2019-07-30,0.8906484646464269
2019-07-31,0.8906484646464269
2019-08-01,0.8906484646464269
2019-08-02,0.8906484646464269
2019-08-03,0.8906484646464269
2019-08-04,0.8906484646464269
2019-08-05,0.9027829265233093
2019-08-06,0.9027829265233093
2019-08-07,0.9194704175286293
2019-08-08,0.9194704175286293
2019-08-09,0.9194704175286293
2019-08-10,0.9194704175286293
2019-08-11,0.9194704175286293
2019-08-12,0.940930305391497
2019-08-13,0.9404007498156227
2019-08-14,0.9608750609005335
2019-08-15,0.9608750609005335
2019-08-16,0.9608750609005335
2019-08-17,0.9608750609005335
2019-08-18,0.9608750609005335
2019-08-19,0.9510446364149784
2019-08-20,0.9510446364149784
2019-08-21,0.9510446364149784
2019-08-22,0.9510446364149784
2019-08-23,0.9503238396850395
2019-08-24,0.9503238396850395
2019-08-25,0.9775006306580485
2019-08-26,0.9775006306580485
2019-08-27,0.9991644883850076
2019-08-28,0.9991644883850076
2019-08-29,0.9889492304886569
2019-08-30,0.9786912557004903
2019-08-31,0.9786912557004903
2019-09-01,0.9786912557004903
2019-09-02,0.9680120703256633
2019-09-03,0.9836579526171301
2019-09-04,1.0105344388564879
2019-09-05,1.0001172435400918
2019-09-06,1.0001172435400918
2019-09-07,1.0001172435400918
2019-09-08,1.0001172435400918
2019-09-09,1.0001172435400918
2019-09-10,1.0001172435400918
2019-09-11,1.0001172435400918
2019-09-12,0.999549176945761
2019-09-13,0.999549176945761
2019-09-14,0.999549176945761
2019-09-15,0.999549176945761
2019-09-16,0.999549176945761
2019-09-17,0.999549176945761
2019-09-18,0.999549176945761
2019-09-19,0.999549176945761
2019-09-20,0.999549176945761
2019-09-21,0.999549176945761
2019-09-22,0.999549176945761
2019-09-23,0.999549176945761
2019-09-24,1.021970864173173
2019-09-25,1.021970864173173
2019-09-26,1.021970864173173
2019-09-27,1.021970864173173
2019-09-28,1.021970864173173
2019-09-29,1.021970864173173
2019-09-30,1.021970864173173
2019-10-01,1.021970864173173
2019-10-02,1.011199597856047
2019-10-03,1.011199597856047
2019-10-04,1.00093036034002
2019-10-05,1.00093036034002
2019-10-06,1.00093036034002
2019-10-07,0.990506771660475
2019-10-08,0.9898770074550532
2019-10-09,0.9898770074550532
2019-10-10,0.9797137422441107
2019-10-11,0.9797137422441107
2019-10-12,0.9797137422441107
2019-10-13,0.9797137422441107
2019-10-14,0.9797137422441107
2019-10-15,0.9797137422441107
2019-10-16,0.9797137422441107
2019-10-17,0.9797137422441107
2019-10-18,0.9797137422441107
2019-10-19,0.9797137422441107
2019-10-20,0.9797137422441107
2019-10-21,0.9696512983402699
2019-10-22,0.9696512983402699
2019-10-23,0.9696512983402699
2019-10-24,0.9683119190018724
2019-10-25,0.9787659113106086
2019-10-26,0.9787659113106086
2019-10-27,0.9787659113106086
2019-10-28,0.9787659113106086
2019-10-29,0.9787659113106086
2019-10-30,0.9682921372936738
2019-10-31,0.9667144989143812
2019-11-01,0.9667144989143812
2019-11-02,0.9667144989143812
2019-11-03,0.9667144989143812
2019-11-04,0.9667144989143812
2019-11-05,0.9567934946978225
2019-11-06,0.9567934946978225
2019-11-07,0.9567934946978225
2019-11-08,0.9567934946978225
2019-11-09,0.9567934946978225
2019-11-10,0.9567934946978225
2019-11-11,0.9567934946978225
2019-11-12,0.9567934946978225
2019-11-13,0.9567934946978225
2019-11-14,0.9454288929265007
2019-11-15,0.9454288929265007
2019-11-16,0.9454288929265007
2019-11-17,0.9454288929265007
2019-11-18,0.9354371276716069
2019-11-19,0.9255829523375759
2019-11-20,0.9252077210086983
2019-11-21,0.9252077210086983
2019-11-22,0.9252077210086983
2019-11-23,0.9252077210086983
2019-11-24,0.9252077210086983
2019-11-25,0.9252077210086983
2019-11-26,0.9252077210086983
2019-11-27,0.9252077210086983
2019-11-28,0.9252077210086983
2019-11-29,0.9444052260949961
2019-11-30,0.9444052260949961
2019-12-01,0.9444052260949961
2019-12-02,0.9673953547164397
2019-12-03,1.0202012105908493
2019-12-04,1.0094730807206391
2019-12-05,1.0094730807206391
2019-12-06,0.9988635186422652
2019-12-07,0.9988635186422652
2019-12-08,0.9988635186422652
2019-12-09,0.9988635186422652
2019-12-10,0.9988635186422652
2019-12-11,0.9988635186422652
2019-12-12,1.0173548796447784
2019-12-13,1.0173548796447784
2019-12-14,1.0173548796447784
2019-12-15,1.0173548796447784
2019-12-16,1.0173548796447784
2019-12-17,1.0173548796447784
2019-12-18,1.0173548796447784
2019-12-19,1.0059167587329323
2019-12-20,1.0050783271145283
2019-12-21,1.0050783271145283
2019-12-22,1.0050783271145283
2019-12-23,0.9934695719285227
2019-12-24,1.0138744434663627
2019-12-25,1.0138744434663627
2019-12-26,1.0358219863189677
2019-12-27,1.0358219863189677
2019-12-28,1.0358219863189677
2019-12-29,1.0358219863189677
2019-12-30,1.0641601078028806
2019-12-31,1.0755650309262366
2020-01-01,1.0755650309262366
2020-01-02,1.0630369570025109
2020-01-03,1.0937923170277246
2020-01-04,1.0937923170277246
2020-01-05,1.1194042297855507
2020-01-06,1.1194042297855507
2020-01-07,1.1194042297855507
2020-01-08,1.1194042297855507
2020-01-09,1.1194042297855507
2020-01-10,1.1194042297855507
2020-01-11,1.1194042297855507
2020-01-12,1.1194042297855507
2020-01-13,1.107882202048368
2020-01-14,1.107882202048368
2020-01-15,1.1342681893016733
2020-01-16,1.1342681893016733
2020-01-17,1.1342681893016733
2020-01-18,1.1342681893016733
2020-01-19,1.1342681893016733
2020-01-20,1.1342681893016733
2020-01-21,1.1338946747869363
2020-01-22,1.1088966060076486
2020-01-23,1.0958412335961387
2020-01-24,1.1192094999819595
2020-01-25,1.1192094999819595
2020-01-26,1.1437046310195145
2020-01-27,1.1437046310195145
2020-01-28,1.1437046310195145
2020-01-29,1.1316798348994384
2020-01-30,1.1316798348994384
2020-01-31,1.1192303382036932
2020-02-01,1.1192303382036932
2020-02-02,1.1192303382036932
2020-02-03,1.1187844368369528
2020-02-04,1.1187844368369528
2020-02-05,1.1187844368369528
2020-02-06,1.1187844368369528
2020-02-07,1.1187844368369528
2020-02-08,1.1187844368369528
2020-02-09,1.1187844368369528
2020-02-10,1.1187844368369528
2020-02-11,1.1066045663084398
2020-02-12,1.1066045663084398
2020-02-13,1.1066045663084398
2020-02-14,1.094300562117026
2020-02-15,1.094300562117026
2020-02-16,1.094300562117026
2020-02-17,1.094300562117026
2020-02-18,1.1230554979877754
2020-02-19,1.148818952639364
2020-02-20,1.1480628000047366
2020-02-21,1.1682557321751799
2020-02-22,1.1682557321751799
2020-02-23,1.2023185645582117
2020-02-24,1.1900704251092007
2020-02-25,1.1779457496041033
2020-02-26,1.1779457496041033
2020-02-27,1.1779457496041033
2020-02-28,1.1779457496041033
2020-02-29,1.1779457496041033
2020-03-01,1.1779457496041033
2020-03-02,1.1779457496041033
2020-03-03,1.2055663393353953
2020-03-04,1.2055663393353953
2020-03-05,1.2322054976224215
2020-03-06,1.2069966678904127
2020-03-07,1.2069966678904127
2020-03-08,1.2069966678904127
2020-03-09,1.2069966678904127
2020-03-10,1.1946964062472751
2020-03-11,1.1942093285224482
2020-03-12,1.1942093285224482
2020-03-13,1.1942093285224482
2020-03-14,1.1942093285224482
2020-03-15,1.1942093285224482
2020-03-16,1.1942093285224482
2020-03-17,1.1942093285224482
2020-03-18,1.1942093285224482
2020-03-19,1.1942093285224482
2020-03-20,1.1942093285224482
2020-03-21,1.1942093285224482
2020-03-22,1.1942093285224482
2020-03-23,1.1942093285224482
2020-03-24,1.1942093285224482
2020-03-25,1.1942093285224482
2020-03-26,1.1942093285224482
2020-03-27,1.1942093285224482
2020-03-28,1.1942093285224482
2020-03-29,1.1942093285224482
2020-03-30,1.1697246935016181
2020-03-31,1.1697246935016181
2020-04-01,1.1697246935016181
2020-04-02,1.169276338026599
2020-04-03,1.169276338026599
2020-04-04,1.169276338026599
2020-04-05,1.169276338026599
2020-04-06,1.169276338026599
2020-04-07,1.169276338026599
2020-04-08,1.169276338026599
2020-04-09,1.1917142832427943
2020-04-10,1.1917142832427943
2020-04-11,1.1917142832427943
2020-04-12,1.1917142832427943
2020-04-13,1.1917142832427943
2020-04-14,1.2126112315423132
2020-04-15,1.2003215379717551
2020-04-16,1.1757809641279224
2020-04-17,1.1638259760189589
2020-04-18,1.1638259760189589
2020-04-19,1.1638259760189589
2020-04-20,1.1638259760189589
2020-04-21,1.1638259760189589
2020-04-22,1.1974526327092698
2020-04-23,1.1974526327092698
2020-04-24,1.1972536160817135
2020-04-25,1.1972536160817135
2020-04-26,1.1972536160817135
2020-04-27,1.1727022545288954
2020-04-28,1.1605931655890809
2020-04-29,1.1605931655890809
2020-04-30,1.1605931655890809
2020-05-01,1.1605931655890809
2020-05-02,1.1605931655890809
2020-05-03,1.1605931655890809
2020-05-04,1.1605931655890809
2020-05-05,1.1605931655890809
2020-05-06,1.1605931655890809
2020-05-07,1.1605931655890809
2020-05-08,1.1484822598468423
2020-05-09,1.1484822598468423
2020-05-10,1.1484822598468423
2020-05-11,1.136764754742529
2020-05-12,1.136764754742529
2020-05-13,1.136764754742529
2020-05-14,1.136764754742529
2020-05-15,1.1644195129900032
2020-05-16,1.1644195129900032
2020-05-17,1.1644195129900032
2020-05-18,1.1641887250425287
2020-05-19,1.1641887250425287
2020-05-20,1.1641887250425287
2020-05-21,1.1522815191816662
2020-05-22,1.1522815191816662
2020-05-23,1.1522815191816662
2020-05-24,1.1522815191816662
2020-05-25,1.1522815191816662
2020-05-26,1.1522815191816662
2020-05-27,1.1522815191816662
2020-05-28,1.1522815191816662
2020-05-29,1.1522815191816662
2020-05-30,1.1522815191816662
2020-05-31,1.1522815191816662
2020-06-01,1.1522815191816662
2020-06-02,1.1403673891859354
2020-06-03,1.1403673891859354
2020-06-04,1.1403673891859354
2020-06-05,1.1403673891859354
2020-06-06,1.1403673891859354
2020-06-07,1.1403673891859354
2020-06-08,1.1403673891859354
2020-06-09,1.1654855774471007
2020-06-10,1.1654855774471007
2020-06-11,1.1654855774471007
2020-06-12,1.1654855774471007
2020-06-13,1.1654855774471007
2020-06-14,1.1654855774471007
2020-06-15,1.1536318898331173
2020-06-16,1.1536318898331173
2020-06-17,1.1536318898331173
2020-06-18,1.1415174859947907
2020-06-19,1.1415174859947907
2020-06-20,1.1415174859947907
2020-06-21,1.1415174859947907
2020-06-22,1.1408999250348675
2020-06-23,1.1408999250348675
2020-06-24,1.1289143149624061
2020-06-25,1.117193136304446
2020-06-26,1.117193136304446
2020-06-27,1.117193136304446
2020-06-28,1.117193136304446
2020-06-29,1.117193136304446
2020-06-30,1.117193136304446
2020-07-01,1.1168687034176632
2020-07-02,1.1168687034176632
2020-07-03,1.1168687034176632
2020-07-04,1.1168687034176632
2020-07-05,1.1168687034176632
2020-07-06,1.1314569073610936
2020-07-07,1.1198001857186966
2020-07-08,1.175696355749068
2020-07-09,1.1635545867743406
2020-07-10,1.1382977727810648
2020-07-11,1.1382977727810648
2020-07-12,1.1382977727810648
2020-07-13,1.1382977727810648
2020-07-14,1.1382977727810648
2020-07-15,1.1382977727810648
2020-07-16,1.1266026738039576
2020-07-17,1.1266026738039576
2020-07-18,1.1266026738039576
2020-07-19,1.1266026738039576
2020-07-20,1.125618924349192
2020-07-21,1.113761992285775
2020-07-22,1.1336665897309104
2020-07-23,1.1336665897309104
2020-07-24,1.1336665897309104
2020-07-25,1.1336665897309104
2020-07-26,1.1336665897309104
2020-07-27,1.1887326304605457
2020-07-28,1.1887326304605457
2020-07-29,1.1887326304605457
2020-07-30,1.1887326304605457
2020-07-31,1.1887326304605457
2020-08-01,1.1887326304605457
2020-08-02,1.1887326304605457
2020-08-03,1.1887326304605457
2020-08-04,1.2519217342781477
2020-08-05,1.2257941276837627
2020-08-06,1.2253894930422142
2020-08-07,1.2130164902530685
2020-08-08,1.2130164902530685
2020-08-09,1.2130164902530685
2020-08-10,1.2004734145372555
2020-08-11,1.2004734145372555
2020-08-12,1.2004734145372555
2020-08-13,1.2004734145372555
2020-08-14,1.2004734145372555
2020-08-15,1.2004734145372555
2020-08-16,1.2004734145372555
2020-08-17,1.2283667744660531
2020-08-18,1.2030118102009444
2020-08-19,1.1785694974460057
2020-08-20,1.1785694974460057
2020-08-21,1.1785694974460057
2020-08-22,1.1785694974460057
2020-08-23,1.1785694974460057
2020-08-24,1.1785694974460057
2020-08-25,1.1785694974460057
2020-08-26,1.1785694974460057
2020-08-27,1.1785694974460057
2020-08-28,1.1785694974460057
2020-08-29,1.1785694974460057
2020-08-30,1.1785694974460057
2020-08-31,1.1663312317845265
2020-09-01,1.1663312317845265
2020-09-02,1.1663312317845265
2020-09-03,1.1663312317845265
2020-09-04,1.1663312317845265
2020-09-05,1.1663312317845265
2020-09-06,1.1663312317845265
2020-09-07,1.1663312317845265
2020-09-08,1.1663312317845265
2020-09-09,1.1663312317845265
2020-09-10,1.1858355557074127
2020-09-11,1.1858355557074127
2020-09-12,1.1858355557074127
2020-09-13,1.1858355557074127
2020-09-14,1.1858355557074127
2020-09-15,1.2191765081916823
2020-09-16,1.1808782727045553
2020-09-17,1.1808782727045553
2020-09-18,1.1801595901877873
2020-09-19,1.1801595901877873
2020-09-20,1.1801595901877873
2020-09-21,1.1801595901877873
2020-09-22,1.1801595901877873
2020-09-23,1.1801595901877873
2020-09-24,1.1801595901877873
2020-09-25,1.1801595901877873
2020-09-26,1.1801595901877873
2020-09-27,1.1801595901877873
2020-09-28,1.1801595901877873
2020-09-29,1.1801595901877873
2020-09-30,1.1798151016034115
2020-10-01,1.1798151016034115
2020-10-02,1.179598369569247
2020-10-03,1.179598369569247
2020-10-04,1.179598369569247
2020-10-05,1.206161155454392
2020-10-06,1.1797277718842625
2020-10-07,1.1797277718842625
2020-10-08,1.16766069042399
2020-10-09,1.217969935101253
2020-10-10,1.217969935101253
2020-10-11,1.217969935101253
2020-10-12,1.217969935101253
2020-10-13,1.1924975554725323
2020-10-14,1.1924975554725323
2020-10-15,1.1803625810982883
2020-10-16,1.1803625810982883
2020-10-17,1.1803625810982883
2020-10-18,1.1803625810982883
2020-10-19,1.1682507626173806
2020-10-20,1.1562786456271539
2020-10-21,1.1562786456271539
2020-10-22,1.1443904823600028
2020-10-23,1.132555310430484
2020-10-24,1.132555310430484
2020-10-25,1.132555310430484
2020-10-26,1.132555310430484
2020-10-27,1.132555310430484
2020-10-28,1.132555310430484
2020-10-29,1.132555310430484
2020-10-30,1.132555310430484
2020-10-31,1.132555310430484
2020-11-01,1.132555310430484
2020-11-02,1.132555310430484
2020-11-03,1.1514932207983162
2020-11-04,1.1396852335656398
2020-11-05,1.1659973744900163
2020-11-06,1.1421564593732938
2020-11-07,1.1421564593732938
2020-11-08,1.1421564593732938
2020-11-09,1.1421564593732938
2020-11-10,1.1421564593732938
2020-11-11,1.1421564593732938
2020-11-12,1.1421564593732938
2020-11-13,1.141594518395282
2020-11-14,1.141594518395282
2020-11-15,1.141594518395282
2020-11-16,1.141594518395282
2020-11-17,1.1296282104940107
2020-11-18,1.1296282104940107
2020-11-19,1.1296282104940107
2020-11-20,1.1296282104940107
2020-11-21,1.1296282104940107
2020-11-22,1.1296282104940107
2020-11-23,1.1296282104940107
2020-11-24,1.1296282104940107
2020-11-25,1.1296282104940107
2020-11-26,1.1296282104940107
2020-11-27,1.1296282104940107
2020-11-28,1.1296282104940107
2020-11-29,1.1296282104940107
2020-11-30,1.1296282104940107
2020-12-01,1.1296282104940107
2020-12-02,1.1296282104940107
2020-12-03,1.1296282104940107
2020-12-04,1.1296282104940107
2020-12-05,1.1296282104940107
2020-12-06,1.1296282104940107
2020-12-07,1.1296282104940107
2020-12-08,1.1296282104940107
2020-12-09,1.1296282104940107
2020-12-10,1.1296282104940107
2020-12-11,1.1296282104940107
2020-12-12,1.1296282104940107
2020-12-13,1.1296282104940107
2020-12-14,1.1296282104940107
2020-12-15,1.1296282104940107
2020-12-16,1.1296282104940107
2020-12-17,1.1296282104940107
2020-12-18,1.1296282104940107
2020-12-19,1.1296282104940107
2020-12-20,1.1296282104940107
2020-12-21,1.1296282104940107
2020-12-22,1.1296282104940107
2020-12-23,1.1296282104940107
2020-12-24,1.1296282104940107
2020-12-25,1.1296282104940107
2020-12-26,1.1296282104940107
2020-12-27,1.1296282104940107
2020-12-28,1.1296282104940107
2020-12-29,1.1296282104940107
2020-12-30,1.1296282104940107
2020-12-31,1.1296282104940107
2021-01-01,1.1296282104940107
2021-01-02,1.1296282104940107
2021-01-03,1.1296282104940107
2021-01-04,1.1296282104940107
2021-01-05,1.1296282104940107
2021-01-06,1.1293929089377648
2021-01-07,1.1293929089377648
2021-01-08,1.1293929089377648
2021-01-09,1.1293929089377648
2021-01-10,1.1293929089377648
2021-01-11,1.1293929089377648
2021-01-12,1.1293929089377648
2021-01-13,1.1293929089377648
2021-01-14,1.1293929089377648
2021-01-15,1.1293929089377648
2021-01-16,1.1293929089377648
2021-01-17,1.1293929089377648
2021-01-18,1.1293929089377648
2021-01-19,1.1293929089377648
2021-01-20,1.1293929089377648
2021-01-21,1.1293929089377648
2021-01-22,1.1293929089377648
2021-01-23,1.1293929089377648
2021-01-24,1.1293929089377648
2021-01-25,1.1293929089377648
2021-01-26,1.1293929089377648
2021-01-27,1.1293929089377648
2021-01-28,1.1293929089377648
2021-01-29,1.1293929089377648
2021-01-30,1.1293929089377648
2021-01-31,1.1293929089377648
2021-02-01,1.1293929089377648
2021-02-02,1.1293929089377648
2021-02-03,1.1293929089377648
2021-02-04,1.1293929089377648
2021-02-05,1.1293929089377648
2021-02-06,1.1293929089377648
2021-02-07,1.1293929089377648
2021-02-08,1.1293929089377648
2021-02-09,1.1293929089377648
2021-02-10,1.1293929089377648
2021-02-11,1.1293929089377648
2021-02-12,1.1293929089377648
2021-02-13,1.1293929089377648
2021-02-14,1.1293929089377648
2021-02-15,1.1293929089377648
2021-02-16,1.1293929089377648
2021-02-17,1.1293929089377648
2021-02-18,1.1293929089377648
2021-02-19,1.1293929089377648
2021-02-20,1.1293929089377648
2021-02-21,1.1293929089377648
2021-02-22,1.1293929089377648
2021-02-23,1.1293929089377648
2021-02-24,1.1293929089377648
2021-02-25,1.1293929089377648
2021-02-26,1.1293929089377648
2021-02-27,1.1293929089377648
2021-02-28,1.1293929089377648
2021-03-01,1.1293929089377648
2021-03-02,1.1293929089377648
2021-03-03,1.1293929089377648
2021-03-04,1.1293929089377648
2021-03-05,1.1293929089377648
2021-03-06,1.1293929089377648
2021-03-07,1.1293929089377648
2021-03-08,1.1293929089377648
2021-03-09,1.1293929089377648
2021-03-10,1.1293929089377648
2021-03-11,1.1293929089377648
2021-03-12,1.1293929089377648
2021-03-13,1.1293929089377648
2021-03-14,1.1293929089377648
2021-03-15,1.1293929089377648
2021-03-16,1.1293929089377648
2021-03-17,1.1293929089377648
2021-03-18,1.1293929089377648
2021-03-19,1.1293929089377648
2021-03-20,1.1293929089377648
2021-03-21,1.1293929089377648
2021-03-22,1.1293929089377648
2021-03-23,1.1293929089377648
2021-03-24,1.1293929089377648
2021-03-25,1.1293929089377648
2021-03-26,1.1293929089377648
2021-03-27,1.1293929089377648
2021-03-28,1.1293929089377648
2021-03-29,1.1293929089377648
2021-03-30,1.1293929089377648
2021-03-31,1.1293929089377648
2021-04-01,1.1293929089377648
2021-04-02,1.1293929089377648
2021-04-03,1.1293929089377648
2021-04-04,1.1293929089377648
2021-04-05,1.1293929089377648
2021-04-06,1.1293929089377648
2021-04-07,1.1293929089377648
2021-04-08,1.1293929089377648
2021-04-09,1.1293929089377648
2021-04-10,1.1293929089377648
2021-04-11,1.1293929089377648
2021-04-12,1.1293929089377648
2021-04-13,1.1293929089377648
2021-04-14,1.1293929089377648
2021-04-15,1.1293929089377648
2021-04-16,1.1293929089377648
2021-04-17,1.1293929089377648
2021-04-18,1.1293929089377648
2021-04-19,1.1293929089377648
2021-04-20,1.1293929089377648
2021-04-21,1.1293929089377648
2021-04-22,1.1293929089377648
2021-04-23,1.1293929089377648
2021-04-24,1.1293929089377648
2021-04-25,1.1293929089377648
2021-04-26,1.1293929089377648
2021-04-27,1.1293929089377648
2021-04-28,1.1293929089377648
2021-04-29,1.1293929089377648
2021-04-30,1.1293929089377648
2021-05-01,1.1293929089377648
2021-05-02,1.1293929089377648
2021-05-03,1.1293929089377648
2021-05-04,1.1293929089377648
2021-05-05,1.1293929089377648
2021-05-06,1.1293929089377648
2021-05-07,1.1293929089377648
2021-05-08,1.1293929089377648
2021-05-09,1.1293929089377648
2021-05-10,1.1293929089377648
2021-05-11,1.1293929089377648
2021-05-12,1.1293929089377648
2021-05-13,1.1293929089377648
2021-05-14,1.1293929089377648
2021-05-15,1.1293929089377648
2021-05-16,1.1293929089377648
2021-05-17,1.155905068657206
2021-05-18,1.131991589006319
2021-05-19,1.1294194777177788
2021-05-20,1.1294194777177788
2021-05-21,1.1294194777177788
2021-05-22,1.1294194777177788
2021-05-23,1.1294194777177788
2021-05-24,1.1294194777177788
2021-05-25,1.1294194777177788
2021-05-26,1.1449756498360724
2021-05-27,1.1449756498360724
2021-05-28,1.1449756498360724
2021-05-29,1.1449756498360724
2021-05-30,1.1449756498360724
2021-05-31,1.1711312445857975
2021-06-01,1.1711312445857975
2021-06-02,1.1586782547227434
2021-06-03,1.1467950822779578
2021-06-04,1.1467950822779578
2021-06-05,1.1467950822779578
2021-06-06,1.1467950822779578
2021-06-07,1.1346356140205647
2021-06-08,1.1346356140205647
2021-06-09,1.1346356140205647
2021-06-10,1.1229933449122225
2021-06-11,1.111613828749558
2021-06-12,1.111613828749558
2021-06-13,1.111613828749558
2021-06-14,1.111613828749558
2021-06-15,1.111613828749558
2021-06-16,1.111613828749558
2021-06-17,1.111613828749558
2021-06-18,1.111613828749558
2021-06-19,1.111613828749558
2021-06-20,1.111613828749558
2021-06-21,1.111613828749558
2021-06-22,1.111613828749558
2021-06-23,1.111613828749558
2021-06-24,1.111613828749558
2021-06-25,1.111613828749558
2021-06-26,1.111613828749558
2021-06-27,1.111613828749558
2021-06-28,1.111613828749558
2021-06-29,1.111613828749558
2021-06-30,1.111613828749558
2021-07-01,1.1357660847295654
2021-07-02,1.1357660847295654
2021-07-03,1.1357660847295654
2021-07-04,1.1357660847295654
2021-07-05,1.1357660847295654
2021-07-06,1.1357660847295654
2021-07-07,1.1357660847295654
2021-07-08,1.1357660847295654
2021-07-09,1.1357660847295654
2021-07-10,1.1357660847295654
2021-07-11,1.1357660847295654
2021-07-12,1.1357660847295654
2021-07-13,1.1357660847295654
2021-07-14,1.1357660847295654
2021-07-15,1.1357660847295654
2021-07-16,1.1357660847295654
2021-07-17,1.1357660847295654
2021-07-18,1.1357660847295654
2021-07-19,1.1120367510745275
2021-07-20,1.1120367510745275
2021-07-21,1.1120367510745275
2021-07-22,1.1120367510745275
2021-07-23,1.1435935739781449
2021-07-24,1.1435935739781449
2021-07-25,1.1435935739781449
2021-07-26,1.1435935739781449
2021-07-27,1.1435935739781449
2021-07-28,1.1318381181937938
2021-07-29,1.1318381181937938
2021-07-30,1.1318381181937938
2021-07-31,1.1318381181937938
2021-08-01,1.1318381181937938
2021-08-02,1.1318381181937938
2021-08-03,1.1318381181937938
2021-08-04,1.1318381181937938
2021-08-05,1.1456125880922123
2021-08-06,1.1788255008786288
2021-08-07,1.1788255008786288
2021-08-08,1.1788255008786288
2021-08-09,1.1788255008786288
2021-08-10,1.2070755824769848
2021-08-11,1.2070755824769848
2021-08-12,1.2070755824769848
2021-08-13,1.2070755824769848
2021-08-14,1.2070755824769848
2021-08-15,1.2070755824769848
2021-08-16,1.2070755824769848
2021-08-17,1.2070755824769848
2021-08-18,1.2070755824769848
2021-08-19,1.2070755824769848
2021-08-20,1.2070755824769848
2021-08-21,1.2070755824769848
2021-08-22,1.2070755824769848
2021-08-23,1.2070755824769848
2021-08-24,1.2070755824769848
2021-08-25,1.2070755824769848
2021-08-26,1.1944362940528683
2021-08-27,1.1944362940528683
2021-08-28,1.1944362940528683
2021-08-29,1.1944362940528683
2021-08-30,1.1944362940528683
2021-08-31,1.1944362940528683
2021-09-01,1.1944362940528683
2021-09-02,1.1944362940528683
2021-09-03,1.1944362940528683
2021-09-04,1.1944362940528683
2021-09-05,1.1944362940528683
2021-09-06,1.1944362940528683
2021-09-07,1.2215477284989096
2021-09-08,1.2083274060524574
2021-09-09,1.1956740431217572
2021-09-10,1.170710640882057
2021-09-11,1.170710640882057
2021-09-12,1.170710640882057
2021-09-13,1.1967221923275588
2021-09-14,1.1967221923275588
2021-09-15,1.1967221923275588
2021-09-16,1.2511180028576157
2021-09-17,1.2381597983666184
2021-09-18,1.2381597983666184
2021-09-19,1.2381597983666184
2021-09-20,1.2662321002110652
2021-09-21,1.2662321002110652
2021-09-22,1.2662321002110652
2021-09-23,1.2954491396913355
2021-09-24,1.2954491396913355
2021-09-25,1.2954491396913355
2021-09-26,1.2954491396913355
2021-09-27,1.281739790080724
2021-09-28,1.2684353310596859
2021-09-29,1.2684353310596859
2021-09-30,1.268035647086869
2021-10-01,1.268035647086869
2021-10-02,1.268035647086869
2021-10-03,1.268035647086869
2021-10-04,1.268035647086869
2021-10-05,1.268035647086869
2021-10-06,1.268035647086869
2021-10-07,1.268035647086869
2021-10-08,1.268035647086869
2021-10-09,1.268035647086869
2021-10-10,1.268035647086869
2021-10-11,1.2549220028353907
2021-10-12,1.2549220028353907
2021-10-13,1.2549220028353907
2021-10-14,1.2549220028353907
2021-10-15,1.2549220028353907
2021-10-16,1.2549220028353907
2021-10-17,1.2549220028353907
2021-10-18,1.2549220028353907
2021-10-19,1.2549220028353907
2021-10-20,1.2549220028353907
2021-10-21,1.2549220028353907
2021-10-22,1.2549220028353907
2021-10-23,1.2549220028353907
2021-10-24,1.2549220028353907
2021-10-25,1.2549220028353907
2021-10-26,1.2549220028353907
2021-10-27,1.2549220028353907
2021-10-28,1.2549220028353907
2021-10-29,1.2549220028353907
2021-10-30,1.2549220028353907
2021-10-31,1.2549220028353907
2021-11-01,1.2549220028353907
2021-11-02,1.2549220028353907
2021-11-03,1.254628602071128
2021-11-04,1.254628602071128
2021-11-05,1.254628602071128
2021-11-06,1.254628602071128
2021-11-07,1.254628602071128
2021-11-08,1.254628602071128
2021-11-09,1.254628602071128
2021-11-10,1.254628602071128
2021-11-11,1.254628602071128
2021-11-12,1.254628602071128
2021-11-13,1.254628602071128
2021-11-14,1.254628602071128
2021-11-15,1.254628602071128
2021-11-16,1.254628602071128
2021-11-17,1.254628602071128
2021-11-18,1.254628602071128
2021-11-19,1.2416241256849403
2021-11-20,1.2416241256849403
2021-11-21,1.2416241256849403
2021-11-22,1.2416241256849403
2021-11-23,1.2416241256849403
2021-11-24,1.2416241256849403
2021-11-25,1.2416241256849403
2021-11-26,1.2416241256849403
2021-11-27,1.2416241256849403
2021-11-28,1.2416241256849403
2021-11-29,1.2416241256849403
2021-11-30,1.2416241256849403
2021-12-01,1.2416241256849403
2021-12-02,1.2416241256849403
2021-12-03,1.2416241256849403
2021-12-04,1.2416241256849403
2021-12-05,1.2416241256849403
2021-12-06,1.2416241256849403
2021-12-07,1.2416241256849403
2021-12-08,1.268596795704082
2021-12-09,1.268596795704082
2021-12-10,1.268596795704082
2021-12-11,1.268596795704082
2021-12-12,1.268596795704082
2021-12-13,1.2554116349079316
2021-12-14,1.2554116349079316
2021-12-15,1.2906648490277812
2021-12-16,1.2906648490277812
2021-12-17,1.2906648490277812
2021-12-18,1.2906648490277812
2021-12-19,1.2906648490277812
2021-12-20,1.2906648490277812
2021-12-21,1.2906648490277812
2021-12-22,1.2906648490277812
2021-12-23,1.2906648490277812
2021-12-24,1.2906648490277812
2021-12-25,1.2906648490277812
2021-12-26,1.2906648490277812
2021-12-27,1.2906648490277812
2021-12-28,1.2906648490277812
2021-12-29,1.2906648490277812
2021-12-30,1.2906648490277812
2021-12-31,1.2906648490277812
2022-01-01,1.2906648490277812
2022-01-02,1.2906648490277812
2022-01-03,1.2906648490277812
2022-01-04,1.2906648490277812
2022-01-05,1.2906648490277812
2022-01-06,1.2906648490277812
2022-01-07,1.2906648490277812
2022-01-08,1.2906648490277812
2022-01-09,1.2906648490277812
2022-01-10,1.2906648490277812
2022-01-11,1.2906648490277812
2022-01-12,1.2906648490277812
2022-01-13,1.2906648490277812
2022-01-14,1.2906648490277812
2022-01-15,1.2906648490277812
2022-01-16,1.2906648490277812
2022-01-17,1.2906648490277812
2022-01-18,1.2906648490277812
2022-01-19,1.2906648490277812
2022-01-20,1.2906648490277812
2022-01-21,1.2906648490277812
2022-01-22,1.2906648490277812
2022-01-23,1.2906648490277812
2022-01-24,1.2633262443286446
2022-01-25,1.2633262443286446
2022-01-26,1.2630147080767933
2022-01-27,1.2630147080767933
2022-01-28,1.2630147080767933
2022-01-29,1.2630147080767933
2022-01-30,1.2630147080767933
2022-01-31,1.2630147080767933
2022-02-01,1.2630147080767933
2022-02-02,1.2630147080767933
2022-02-03,1.2630147080767933
2022-02-04,1.2630147080767933
2022-02-05,1.2630147080767933
2022-02-06,1.2630147080767933
2022-02-07,1.2630147080767933
2022-02-08,1.2630147080767933
2022-02-09,1.298541038388519
2022-02-10,1.2847735167372125
2022-02-11,1.2847735167372125
2022-02-12,1.2847735167372125
2022-02-13,1.2847735167372125
2022-02-14,1.2847735167372125
2022-02-15,1.2844534796541933
2022-02-16,1.2844534796541933
2022-02-17,1.3153445858398765
2022-02-18,1.3153445858398765
2022-02-19,1.3153445858398765
2022-02-20,1.3153445858398765
2022-02-21,1.3153445858398765
2022-02-22,1.3150916450760195
2022-02-23,1.3504030393287911
2022-02-24,1.38775019090538
2022-02-25,1.38775019090538
2022-02-26,1.38775019090538
2022-02-27,1.38775019090538
2022-02-28,1.3734082090074302
2022-03-01,1.3590657070807657
2022-03-02,1.3590657070807657
2022-03-03,1.3590657070807657
2022-03-04,1.3590657070807657
2022-03-05,1.3590657070807657
2022-03-06,1.3590657070807657
2022-03-07,1.3991989174108608
2022-03-08,1.433460401702042
2022-03-09,1.419057995008021
2022-03-10,1.419057995008021
2022-03-11,1.4047117443958885
2022-03-12,1.4047117443958885
2022-03-13,1.4047117443958885
2022-03-14,1.4047117443958885
2022-03-15,1.4047117443958885
2022-03-16,1.4047117443958885
2022-03-17,1.4047117443958885
2022-03-18,1.4047117443958885
2022-03-19,1.4047117443958885
2022-03-20,1.4047117443958885
2022-03-21,1.4047117443958885
2022-03-22,1.4047117443958885
2022-03-23,1.4047117443958885
2022-03-24,1.4380843241345482
2022-03-25,1.4380843241345482
2022-03-26,1.4380843241345482
2022-03-27,1.4380843241345482
2022-03-28,1.423524439394848
2022-03-29,1.423524439394848
2022-03-30,1.423524439394848
2022-03-31,1.4229422178991356
2022-04-01,1.4229422178991356
2022-04-02,1.4229422178991356
2022-04-03,1.4229422178991356
2022-04-04,1.4229422178991356
2022-04-05,1.4225669880362757
2022-04-06,1.4225669880362757
2022-04-07,1.4225669880362757
2022-04-08,1.4225669880362757
2022-04-09,1.4225669880362757
2022-04-10,1.4225669880362757
2022-04-11,1.4225669880362757
2022-04-12,1.4225669880362757
2022-04-13,1.4225669880362757
2022-04-14,1.4225669880362757
2022-04-15,1.4225669880362757
2022-04-16,1.4225669880362757
2022-04-17,1.4225669880362757
2022-04-18,1.442666010240144
2022-04-19,1.442666010240144
2022-04-20,1.442666010240144
2022-04-21,1.442666010240144
2022-04-22,1.442666010240144
2022-04-23,1.442666010240144
2022-04-24,1.442666010240144
2022-04-25,1.442666010240144
2022-04-26,1.442666010240144
2022-04-27,1.442666010240144
2022-04-28,1.442666010240144
2022-04-29,1.442666010240144
2022-04-30,1.442666010240144
2022-05-01,1.442666010240144
2022-05-02,1.442666010240144
2022-05-03,1.442666010240144
2022-05-04,1.442666010240144
2022-05-05,1.4420057020072572
2022-05-06,1.4420057020072572
2022-05-07,1.4420057020072572
2022-05-08,1.4420057020072572
2022-05-09,1.4420057020072572
2022-05-10,1.4420057020072572
2022-05-11,1.4420057020072572
2022-05-12,1.4769335315195664
2022-05-13,1.4616552449094091
2022-05-14,1.4616552449094091
2022-05-15,1.4616552449094091
2022-05-16,1.4616552449094091
2022-05-17,1.4616552449094091
2022-05-18,1.4616552449094091
2022-05-19,1.4612801841735652
2022-05-20,1.4612801841735652
2022-05-21,1.4612801841735652
2022-05-22,1.4612801841735652
2022-05-23,1.4612801841735652
2022-05-24,1.4612801841735652
2022-05-25,1.4612801841735652
2022-05-26,1.4612801841735652
2022-05-27,1.4463596367250426
2022-05-28,1.4463596367250426
2022-05-29,1.4463596367250426
2022-05-30,1.4463596367250426
2022-05-31,1.4457543352170732
2022-06-01,1.4457543352170732
2022-06-02,1.4311053739909196
2022-06-03,1.4311053739909196
2022-06-04,1.4311053739909196
2022-06-05,1.4311053739909196
2022-06-06,1.4311053739909196
2022-06-07,1.4307433043313
2022-06-08,1.4307433043313
2022-06-09,1.4307433043313
2022-06-10,1.4307433043313
2022-06-11,1.4307433043313
2022-06-12,1.4307433043313
2022-06-13,1.4307433043313
2022-06-14,1.4307433043313
2022-06-15,1.4307433043313
2022-06-16,1.4307433043313
2022-06-17,1.4307433043313
2022-06-18,1.4307433043313
2022-06-19,1.4307433043313
2022-06-20,1.4307433043313
2022-06-21,1.4307433043313
2022-06-22,1.4307433043313
2022-06-23,1.4307433043313
2022-06-24,1.4307433043313
2022-06-25,1.4307433043313
2022-06-26,1.4307433043313
2022-06-27,1.4307433043313
2022-06-28,1.4307433043313
2022-06-29,1.4307433043313
2022-06-30,1.4307433043313
2022-07-01,1.4013408140556396
2022-07-02,1.4013408140556396
2022-07-03,1.4013408140556396
2022-07-04,1.4013408140556396
2022-07-05,1.4331106116510952
2022-07-06,1.4675171611487983
2022-07-07,1.4675171611487983
2022-07-08,1.4675171611487983
2022-07-09,1.4675171611487983
2022-07-10,1.4675171611487983
2022-07-11,1.4675171611487983
2022-07-12,1.5098811530534095
2022-07-13,1.4942766823247178
2022-07-14,1.5365021022415177
2022-07-15,1.5047235511621178
2022-07-16,1.5047235511621178
2022-07-17,1.5047235511621178
2022-07-18,1.48896849369203
2022-07-19,1.48896849369203
2022-07-20,1.48896849369203
2022-07-21,1.5157587593147839
2022-07-22,1.5157587593147839
2022-07-23,1.5157587593147839
2022-07-24,1.5157587593147839
2022-07-25,1.5157587593147839
2022-07-26,1.514754265984986
2022-07-27,1.499200011804719
2022-07-28,1.499200011804719
2022-07-29,1.499200011804719
2022-07-30,1.499200011804719
2022-07-31,1.499200011804719
2022-08-01,1.499200011804719
2022-08-02,1.499200011804719
2022-08-03,1.499200011804719
2022-08-04,1.499200011804719
2022-08-05,1.499200011804719
2022-08-06,1.499200011804719
2022-08-07,1.499200011804719
2022-08-08,1.499200011804719
2022-08-09,1.499200011804719
2022-08-10,1.499200011804719
2022-08-11,1.499200011804719
2022-08-12,1.499200011804719
2022-08-13,1.499200011804719
2022-08-14,1.499200011804719
2022-08-15,1.5321995029445574
2022-08-16,1.5321995029445574
2022-08-17,1.5321995029445574
2022-08-18,1.5316811598527114
2022-08-19,1.5316811598527114
2022-08-20,1.5316811598527114
2022-08-21,1.5316811598527114
2022-08-22,1.549955341434682
2022-08-23,1.5014603387118737
2022-08-24,1.5014603387118737
2022-08-25,1.5014603387118737
2022-08-26,1.5014603387118737
2022-08-27,1.5014603387118737
2022-08-28,1.5014603387118737
2022-08-29,1.5014603387118737
2022-08-30,1.5014603387118737
2022-08-31,1.4857286378669863
2022-09-01,1.5281552534227798
2022-09-02,1.511990579967599
2022-09-03,1.511990579967599
2022-09-04,1.511990579967599
2022-09-05,1.511990579967599
2022-09-06,1.5493860381857059
2022-09-07,1.5335872586315338
2022-09-08,1.5335872586315338
2022-09-09,1.5331573941229393
2022-09-10,1.5331573941229393
2022-09-11,1.5331573941229393
2022-09-12,1.5331573941229393
2022-09-13,1.5331573941229393
2022-09-14,1.5331573941229393
2022-09-15,1.6059579931412122
2022-09-16,1.5894937117955286
2022-09-17,1.5894937117955286
2022-09-18,1.5894937117955286
2022-09-19,1.5894937117955286
2022-09-20,1.5886039132156655
2022-09-21,1.5717516851834912
2022-09-22,1.5712506107462547
2022-09-23,1.6074875779565903
2022-09-24,1.6074875779565903
2022-09-25,1.6074875779565903
2022-09-26,1.6071001734503025
2022-09-27,1.6071001734503025
2022-09-28,1.6071001734503025
2022-09-29,1.6071001734503025
2022-09-30,1.6071001734503025
2022-10-01,1.6071001734503025
2022-10-02,1.6071001734503025
2022-10-03,1.6071001734503025
2022-10-04,1.6071001734503025
2022-10-05,1.6071001734503025
2022-10-06,1.6071001734503025
2022-10-07,1.6071001734503025
2022-10-08,1.6071001734503025
2022-10-09,1.6071001734503025
2022-10-10,1.6071001734503025
2022-10-11,1.6071001734503025
2022-10-12,1.6071001734503025
2022-10-13,1.6255135236876093
2022-10-14,1.6085766480788986
2022-10-15,1.6085766480788986
2022-10-16,1.6085766480788986
2022-10-17,1.6080516086609657
2022-10-18,1.6080516086609657
2022-10-19,1.591139247477196
2022-10-20,1.574155586263549
2022-10-21,1.5579238383513512
2022-10-22,1.5579238383513512
2022-10-23,1.5579238383513512
2022-10-24,1.540653785226075
2022-10-25,1.524638380997893
2022-10-26,1.524638380997893
2022-10-27,1.524638380997893
2022-10-28,1.5086912733880073
2022-10-29,1.5086912733880073
2022-10-30,1.5086912733880073
2022-10-31,1.5086912733880073
2022-11-01,1.4923955972058889
2022-11-02,1.4923955972058889
2022-11-03,1.4767218616857938
2022-11-04,1.4767218616857938
2022-11-05,1.4767218616857938
2022-11-06,1.4767218616857938
2022-11-07,1.4767218616857938
2022-11-08,1.4767218616857938
2022-11-09,1.4767218616857938
2022-11-10,1.4767218616857938
2022-11-11,1.4767218616857938
2022-11-12,1.4767218616857938
2022-11-13,1.4767218616857938
2022-11-14,1.4767218616857938
2022-11-15,1.4767218616857938
2022-11-16,1.4767218616857938
2022-11-17,1.4767218616857938
2022-11-18,1.4767218616857938
2022-11-19,1.4767218616857938
2022-11-20,1.4767218616857938
2022-11-21,1.4767218616857938
2022-11-22,1.461466881838021
2022-11-23,1.4609610681502168
2022-11-24,1.4609610681502168
2022-11-25,1.4609610681502168
2022-11-26,1.4609610681502168
2022-11-27,1.4609610681502168
2022-11-28,1.4609610681502168
2022-11-29,1.4609610681502168
2022-11-30,1.4609610681502168
2022-12-01,1.4457534861035208
2022-12-02,1.430862803498049
2022-12-03,1.430862803498049
2022-12-04,1.430862803498049
2022-12-05,1.430862803498049
2022-12-06,1.430862803498049
2022-12-07,1.430862803498049
2022-12-08,1.430862803498049
2022-12-09,1.430862803498049
2022-12-10,1.430862803498049
2022-12-11,1.430862803498049
2022-12-12,1.430862803498049
2022-12-13,1.4304082183853777
2022-12-14,1.4304082183853777
2022-12-15,1.4304082183853777
2022-12-16,1.4304082183853777
2022-12-17,1.4304082183853777
2022-12-18,1.4304082183853777
2022-12-19,1.4304082183853777
2022-12-20,1.4304082183853777
2022-12-21,1.4298307625876154
2022-12-22,1.4298307625876154
2022-12-23,1.4298307625876154
2022-12-24,1.4298307625876154
2022-12-25,1.4298307625876154
2022-12-26,1.4298307625876154
2022-12-27,1.462115912257615
2022-12-28,1.462115912257615
2022-12-29,1.5024726508213846
2022-12-30,1.5024726508213846
2022-12-31,1.5024726508213846
2023-01-01,1.5024726508213846
2023-01-02,1.5024726508213846
2023-01-03,1.487097096949204
2023-01-04,1.487097096949204
2023-01-05,1.4868429520553352
2023-01-06,1.471414577479038
2023-01-07,1.471414577479038
2023-01-08,1.471414577479038
2023-01-09,1.5072532337768638
2023-01-10,1.5072532337768638
2023-01-11,1.4917252095118478
2023-01-12,1.4917252095118478
2023-01-13,1.4917252095118478
2023-01-14,1.4917252095118478
2023-01-15,1.4917252095118478
2023-01-16,1.537407503982897
2023-01-17,1.5056721845449317
2023-01-18,1.5056721845449317
2023-01-19,1.5471775439840971
2023-01-20,1.5310520860319228
2023-01-21,1.5310520860319228
2023-01-22,1.5310520860319228
2023-01-23,1.5310520860319228
2023-01-24,1.5310520860319228
2023-01-25,1.5673087773760361
2023-01-26,1.5673087773760361
2023-01-27,1.517623208362683
2023-01-28,1.517623208362683
2023-01-29,1.517623208362683
2023-01-30,1.517623208362683
2023-01-31,1.517623208362683
2023-02-01,1.5170761051960684
2023-02-02,1.5170761051960684
2023-02-03,1.5170761051960684
2023-02-04,1.5170761051960684
2023-02-05,1.5170761051960684
2023-02-06,1.5170761051960684
2023-02-07,1.5170761051960684
2023-02-08,1.5170761051960684
2023-02-09,1.5170761051960684
2023-02-10,1.5170761051960684
2023-02-11,1.5170761051960684
2023-02-12,1.5170761051960684
2023-02-13,1.5170761051960684
2023-02-14,1.5170761051960684
2023-02-15,1.5170761051960684
2023-02-16,1.5170761051960684
2023-02-17,1.5170761051960684
2023-02-18,1.5170761051960684
2023-02-19,1.5170761051960684
2023-02-20,1.5170761051960684
2023-02-21,1.5170761051960684
2023-02-22,1.5170761051960684
2023-02-23,1.5170761051960684
2023-02-24,1.5170761051960684
2023-02-25,1.5170761051960684
2023-02-26,1.5170761051960684
2023-02-27,1.5170761051960684
2023-02-28,1.5170761051960684
2023-03-01,1.5170761051960684
2023-03-02,1.5170761051960684
2023-03-03,1.5170761051960684
2023-03-04,1.5170761051960684
2023-03-05,1.5170761051960684
2023-03-06,1.5170761051960684
2023-03-07,1.5170761051960684
2023-03-08,1.5170761051960684
2023-03-09,1.5170761051960684
2023-03-10,1.5170761051960684
2023-03-11,1.5170761051960684
2023-03-12,1.5170761051960684
2023-03-13,1.5170761051960684
2023-03-14,1.5170761051960684
2023-03-15,1.5170761051960684
2023-03-16,1.5170761051960684
2023-03-17,1.5170761051960684
2023-03-18,1.5170761051960684
2023-03-19,1.5170761051960684
2023-03-20,1.5170761051960684
2023-03-21,1.5170761051960684
2023-03-22,1.5170761051960684
2023-03-23,1.5170761051960684
2023-03-24,1.516577897403122
2023-03-25,1.516577897403122
2023-03-26,1.516577897403122
2023-03-27,1.516577897403122
2023-03-28,1.5005717826161398
2023-03-29,1.4999726043033412
2023-03-30,1.5094800306584575
2023-03-31,1.5094800306584575
2023-04-01,1.5094800306584575
2023-04-02,1.5094800306584575
2023-04-03,1.4939138197382982
2023-04-04,1.5283141732654117
2023-04-05,1.5126332113534566
2023-04-06,1.5126332113534566
2023-04-07,1.5126332113534566
2023-04-08,1.5126332113534566
2023-04-09,1.5126332113534566
2023-04-10,1.5126332113534566
2023-04-11,1.5126332113534566
2023-04-12,1.4969605161239812
2023-04-13,1.4658069714308217
2023-04-14,1.4658069714308217
2023-04-15,1.4658069714308217
2023-04-16,1.4658069714308217
2023-04-17,1.4658069714308217
2023-04-18,1.4658069714308217
2023-04-19,1.4509826792059533
2023-04-20,1.4359084201516827
2023-04-21,1.4359084201516827
2023-04-22,1.4359084201516827
2023-04-23,1.4359084201516827
2023-04-24,1.4359084201516827
2023-04-25,1.4359084201516827
2023-04-26,1.4355643764942143
2023-04-27,1.4345098109032417
2023-04-28,1.4345098109032417
2023-04-29,1.4345098109032417
2023-04-30,1.4345098109032417
2023-05-01,1.4468861877477905
2023-05-02,1.4801612422277577
2023-05-03,1.4801612422277577
2023-05-04,1.4801612422277577
2023-05-05,1.4651559596185497
2023-05-06,1.4651559596185497
2023-05-07,1.4651559596185497
2023-05-08,1.4344443860021974
2023-05-09,1.4336636179228963
2023-05-10,1.4333556669777665
2023-05-11,1.4333556669777665
2023-05-12,1.4333556669777665
2023-05-13,1.4333556669777665
2023-05-14,1.4333556669777665
2023-05-15,1.4333556669777665
2023-05-16,1.4333556669777665
2023-05-17,1.4333556669777665
2023-05-18,1.4333556669777665
2023-05-19,1.4333556669777665
2023-05-20,1.4333556669777665
2023-05-21,1.4333556669777665
2023-05-22,1.4333556669777665
2023-05-23,1.4333556669777665
2023-05-24,1.4333556669777665
2023-05-25,1.4333556669777665
2023-05-26,1.4333556669777665
2023-05-27,1.4333556669777665
2023-05-28,1.4333556669777665
2023-05-29,1.4333556669777665
2023-05-30,1.4333556669777665
2023-05-31,1.418339116332674
2023-06-01,1.418339116332674
2023-06-02,1.4037618523967414
2023-06-03,1.4037618523967414
2023-06-04,1.4037618523967414
2023-06-05,1.4037618523967414
2023-06-06,1.4037618523967414
2023-06-07,1.4037618523967414
2023-06-08,1.4216954715658507
2023-06-09,1.3921618806872775
2023-06-10,1.3921618806872775
2023-06-11,1.3921618806872775
2023-06-12,1.3921618806872775
2023-06-13,1.3921618806872775
2023-06-14,1.3921618806872775
2023-06-15,1.3921618806872775
2023-06-16,1.3921618806872775
2023-06-17,1.3921618806872775
2023-06-18,1.3921618806872775
2023-06-19,1.3921618806872775
2023-06-20,1.3919494367842846
2023-06-21,1.3919494367842846
2023-06-22,1.3919494367842846
2023-06-23,1.3919494367842846
2023-06-24,1.3919494367842846
2023-06-25,1.3919494367842846
2023-06-26,1.3919494367842846
2023-06-27,1.3919494367842846
2023-06-28,1.3919494367842846
2023-06-29,1.3919494367842846
2023-06-30,1.3919494367842846
2023-07-01,1.3919494367842846
2023-07-02,1.3919494367842846
2023-07-03,1.3919494367842846
2023-07-04,1.3919494367842846
2023-07-05,1.3919494367842846
2023-07-06,1.3919494367842846
2023-07-07,1.3919494367842846
2023-07-08,1.3919494367842846
2023-07-09,1.3919494367842846
2023-07-10,1.3919494367842846
2023-07-11,1.3919494367842846
2023-07-12,1.3919494367842846
2023-07-13,1.3919494367842846
2023-07-14,1.3919494367842846
2023-07-15,1.3919494367842846
2023-07-16,1.3919494367842846
2023-07-17,1.3919494367842846
2023-07-18,1.3919494367842846
2023-07-19,1.3919494367842846
2023-07-20,1.391555793483562
2023-07-21,1.391555793483562
2023-07-22,1.391555793483562
2023-07-23,1.391555793483562
2023-07-24,1.377252130637924
2023-07-25,1.377252130637924
2023-07-26,1.3628449715497466
2023-07-27,1.3488533236493312
2023-07-28,1.3488533236493312
2023-07-29,1.3488533236493312
2023-07-30,1.3488533236493312
2023-07-31,1.3650368658264758
2023-08-01,1.3650368658264758
2023-08-02,1.3650368658264758
2023-08-03,1.3650368658264758
2023-08-04,1.3650368658264758
2023-08-05,1.3650368658264758
2023-08-06,1.3650368658264758
2023-08-07,1.3650368658264758
2023-08-08,1.3650368658264758
2023-08-09,1.3650368658264758
2023-08-10,1.3650368658264758
2023-08-11,1.3650368658264758
2023-08-12,1.3650368658264758
2023-08-13,1.3650368658264758
2023-08-14,1.3650368658264758
2023-08-15,1.3650368658264758
2023-08-16,1.3650368658264758
2023-08-17,1.3650368658264758
2023-08-18,1.3650368658264758
2023-08-19,1.3650368658264758
2023-08-20,1.3650368658264758
2023-08-21,1.3650368658264758
2023-08-22,1.3650368658264758
2023-08-23,1.3650368658264758
2023-08-24,1.3650368658264758
2023-08-25,1.3650368658264758
2023-08-26,1.3650368658264758
2023-08-27,1.3650368658264758
2023-08-28,1.3650368658264758
2023-08-29,1.3650368658264758
2023-08-30,1.3650368658264758
2023-08-31,1.3650368658264758
2023-09-01,1.3650368658264758
2023-09-02,1.3650368658264758
2023-09-03,1.3650368658264758
2023-09-04,1.3650368658264758
2023-09-05,1.3650368658264758
2023-09-06,1.3650368658264758
2023-09-07,1.3650368658264758
2023-09-08,1.3650368658264758
2023-09-09,1.3650368658264758
2023-09-10,1.3650368658264758
2023-09-11,1.3650368658264758
2023-09-12,1.3650368658264758
2023-09-13,1.3650368658264758
2023-09-14,1.3650368658264758
2023-09-15,1.3650368658264758
2023-09-16,1.3650368658264758
2023-09-17,1.3650368658264758
2023-09-18,1.3650368658264758
2023-09-19,1.3650368658264758
2023-09-20,1.3650368658264758
2023-09-21,1.3650368658264758
2023-09-22,1.3650368658264758
2023-09-23,1.3650368658264758
2023-09-24,1.3650368658264758
2023-09-25,1.3650368658264758
2023-09-26,1.3650368658264758
2023-09-27,1.3650368658264758
2023-09-28,1.3650368658264758
2023-09-29,1.3650368658264758
2023-09-30,1.3650368658264758
2023-10-01,1.3650368658264758
2023-10-02,1.3650368658264758
2023-10-03,1.3650368658264758
2023-10-04,1.3650368658264758
2023-10-05,1.3650368658264758
2023-10-06,1.3650368658264758
2023-10-07,1.3650368658264758
2023-10-08,1.3650368658264758
2023-10-09,1.3650368658264758
2023-10-10,1.3650368658264758
2023-10-11,1.3650368658264758
2023-10-12,1.3650368658264758
2023-10-13,1.3650368658264758
2023-10-14,1.3650368658264758
2023-10-15,1.3650368658264758
2023-10-16,1.3650368658264758
2023-10-17,1.3650368658264758
2023-10-18,1.3650368658264758
2023-10-19,1.3650368658264758
2023-10-20,1.3650368658264758
2023-10-21,1.3650368658264758
2023-10-22,1.3650368658264758
2023-10-23,1.3650368658264758
2023-10-24,1.3650368658264758
2023-10-25,1.3507871094804265
2023-10-26,1.3507871094804265
2023-10-27,1.3894885109541502
2023-10-28,1.3894885109541502
2023-10-29,1.3894885109541502
2023-10-30,1.3752725150497271
2023-10-31,1.3609414878066515
2023-11-01,1.3324576629376021
2023-11-02,1.3324576629376021
2023-11-03,1.3324576629376021
2023-11-04,1.3324576629376021
2023-11-05,1.3324576629376021
2023-11-06,1.3322607256950199
2023-11-07,1.3322607256950199
2023-11-08,1.3322607256950199
2023-11-09,1.3322607256950199
2023-11-10,1.3322607256950199
2023-11-11,1.3322607256950199
2023-11-12,1.3322607256950199
2023-11-13,1.3322607256950199
2023-11-14,1.3322607256950199
2023-11-15,1.3185221866395076
2023-11-16,1.3538272004134044
2023-11-17,1.384950063158268
2023-11-18,1.384950063158268
2023-11-19,1.384950063158268
2023-11-20,1.4172314486954054
2023-11-21,1.3999549721663738
2023-11-22,1.3853936205143798
2023-11-23,1.3853936205143798
2023-11-24,1.3853936205143798
2023-11-25,1.3853936205143798
2023-11-26,1.3853936205143798
2023-11-27,1.424439969933043
2023-11-28,1.457840665680024
2023-11-29,1.457840665680024
2023-11-30,1.4429518847455005
2023-12-01,1.4843034226777831
2023-12-02,1.4843034226777831
2023-12-03,1.5257138554367284
2023-12-04,1.5257138554367284
2023-12-05,1.5257138554367284
2023-12-06,1.5257138554367284
2023-12-07,1.5257138554367284
2023-12-08,1.5101489803977195
2023-12-09,1.5101489803977195
2023-12-10,1.5101489803977195
2023-12-11,1.5101489803977195
2023-12-12,1.5101489803977195
2023-12-13,1.5101489803977195
2023-12-14,1.5096565208152117
2023-12-15,1.4942617984441986
2023-12-16,1.4942617984441986
2023-12-17,1.4942617984441986
2023-12-18,1.4942617984441986
2023-12-19,1.5209971305419623
2023-12-20,1.489521159623388
2023-12-21,1.489521159623388
2023-12-22,1.4937174386342789
2023-12-23,1.4937174386342789
2023-12-24,1.4937174386342789
2023-12-25,1.4937174386342789
2023-12-26,1.4937174386342789
2023-12-27,1.5333344100287125
2023-12-28,1.5175936589756807
2023-12-29,1.5175936589756807
2023-12-30,1.5175936589756807
2023-12-31,1.5175936589756807
2024-01-01,1.5175936589756807
2024-01-02,1.5175936589756807
2024-01-03,1.5175936589756807
2024-01-04,1.5175936589756807
2024-01-05,1.5175936589756807
2024-01-06,1.5175936589756807
2024-01-07,1.5175936589756807
2024-01-08,1.5175936589756807
2024-01-09,1.5175936589756807
2024-01-10,1.5175936589756807
2024-01-11,1.5175936589756807
2024-01-12,1.5161067207086163
2024-01-13,1.5161067207086163
2024-01-14,1.5161067207086163
2024-01-15,1.5161067207086163
2024-01-16,1.5161067207086163
2024-01-17,1.5161067207086163
2024-01-18,1.5161067207086163
2024-01-19,1.5004783894102078
2024-01-20,1.5004783894102078
2024-01-21,1.5004783894102078
2024-01-22,1.5004783894102078
2024-01-23,1.5004783894102078
2024-01-24,1.4998510393955955
2024-01-25,1.4998510393955955
2024-01-26,1.4998510393955955
2024-01-27,1.4998510393955955
2024-01-28,1.4998510393955955
2024-01-29,1.4685251505867791
2024-01-30,1.4680436211899017
2024-01-31,1.4526586708441938
2024-02-01,1.4526586708441938
2024-02-02,1.4523846994188725
2024-02-03,1.4523846994188725
2024-02-04,1.4523846994188725
2024-02-05,1.4523846994188725
2024-02-06,1.4523846994188725
2024-02-07,1.4518176884322194
2024-02-08,1.4518176884322194
2024-02-09,1.4518176884322194
2024-02-10,1.4518176884322194
2024-02-11,1.4518176884322194
2024-02-12,1.4518176884322194
2024-02-13,1.4518176884322194
2024-02-14,1.4518176884322194
2024-02-15,1.4518176884322194
2024-02-16,1.4518176884322194
2024-02-17,1.4518176884322194
2024-02-18,1.4518176884322194
2024-02-19,1.4358384022262591
2024-02-20,1.420350300549125
2024-02-21,1.4194938293178938
2024-02-22,1.4194938293178938
2024-02-23,1.4194938293178938
2024-02-24,1.4194938293178938
2024-02-25,1.4194938293178938
2024-02-26,1.4194938293178938
2024-02-27,1.4194938293178938
2024-02-28,1.4497526114799317
2024-02-29,1.4782263326704421
2024-03-01,1.4464437274048612
2024-03-02,1.4464437274048612
2024-03-03,1.4464437274048612
2024-03-04,1.4816458283987133
2024-03-05,1.4661654446190207
2024-03-06,1.4661654446190207
2024-03-07,1.4661654446190207
2024-03-08,1.5087028628141188
2024-03-09,1.5087028628141188
2024-03-10,1.5087028628141188
2024-03-11,1.5087028628141188
2024-03-12,1.4934465577247698
2024-03-13,1.4934465577247698
2024-03-14,1.4934465577247698
2024-03-15,1.4934465577247698
2024-03-16,1.4934465577247698
2024-03-17,1.4934465577247698
2024-03-18,1.4934465577247698
2024-03-19,1.4934465577247698
2024-03-20,1.4779103825294146
2024-03-21,1.4779103825294146
2024-03-22,1.4771208828030673
2024-03-23,1.4771208828030673
2024-03-24,1.4771208828030673
2024-03-25,1.4962521093408676
2024-03-26,1.5129033005648782
2024-03-27,1.5129033005648782
2024-03-28,1.5498287314217654
2024-03-29,1.5498287314217654
2024-03-30,1.5498287314217654
2024-03-31,1.5498287314217654
2024-04-01,1.5337387194978909
2024-04-02,1.5181548604906887
2024-04-03,1.5542553685492688
2024-04-04,1.5385140256021388
2024-04-05,1.567333470329718
2024-04-06,1.567333470329718
2024-04-07,1.5512593684580576
2024-04-08,1.5512593684580576
2024-04-09,1.5352272580109803
2024-04-10,1.519643780205814
2024-04-11,1.5040504114483662
2024-04-12,1.5259764583464603
2024-04-13,1.5259764583464603
2024-04-14,1.5259764583464603
2024-04-15,1.5259764583464603
2024-04-16,1.5259764583464603
2024-04-17,1.5101938942283664
2024-04-18,1.5101938942283664
2024-04-19,1.5101938942283664
2024-04-20,1.5101938942283664
2024-04-21,1.5101938942283664
2024-04-22,1.4948652751825589
2024-04-23,1.4948652751825589
2024-04-24,1.4948652751825589
2024-04-25,1.4948652751825589
2024-04-26,1.4948652751825589
2024-04-27,1.4948652751825589
2024-04-28,1.4948652751825589
2024-04-29,1.4948652751825589
2024-04-30,1.4948652751825589
2024-05-01,1.4948652751825589
2024-05-02,1.4948652751825589
2024-05-03,1.4948652751825589
2024-05-04,1.4948652751825589
2024-05-05,1.4948652751825589
2024-05-06,1.4948652751825589
2024-05-07,1.4795553134937216
2024-05-08,1.4795553134937216
2024-05-09,1.4795553134937216
2024-05-10,1.522735395540379
2024-05-11,1.522735395540379
2024-05-12,1.522735395540379
2024-05-13,1.522735395540379
2024-05-14,1.5068141310652277
2024-05-15,1.4912401522507768
2024-05-16,1.4912401522507768
2024-05-17,1.47573557926381
2024-05-18,1.47573557926381
2024-05-19,1.47573557926381
2024-05-20,1.47573557926381
2024-05-21,1.4604072613755548
2024-05-22,1.445599023826659
2024-05-23,1.445599023826659
2024-05-24,1.445599023826659
2024-05-25,1.445599023826659
2024-05-26,1.445599023826659
2024-05-27,1.445599023826659
2024-05-28,1.445599023826659
2024-05-29,1.445599023826659
2024-05-30,1.445599023826659
2024-05-31,1.4304377258246674
2024-06-01,1.4304377258246674
2024-06-02,1.4304377258246674
2024-06-03,1.4304377258246674
2024-06-04,1.4159368064228925
2024-06-05,1.4159368064228925
2024-06-06,1.4358310017404954
2024-06-07,1.4358310017404954
2024-06-08,1.4358310017404954
2024-06-09,1.4358310017404954
2024-06-10,1.4358310017404954
2024-06-11,1.4358310017404954
2024-06-12,1.4352800733851276
2024-06-13,1.4207625024988517
2024-06-14,1.4207625024988517
2024-06-15,1.4207625024988517
2024-06-16,1.4207625024988517
2024-06-17,1.4060306161104412
2024-06-18,1.4060306161104412
2024-06-19,1.4060306161104412
2024-06-20,1.4060306161104412
2024-06-21,1.440442934233621
2024-06-22,1.440442934233621
2024-06-23,1.440442934233621
2024-06-24,1.440442934233621
2024-06-25,1.440442934233621
2024-06-26,1.440442934233621
2024-06-27,1.440442934233621
2024-06-28,1.440442934233621
2024-06-29,1.440442934233621
2024-06-30,1.440442934233621
2024-07-01,1.440442934233621
2024-07-02,1.439812884494187
2024-07-03,1.439812884494187
2024-07-04,1.439812884494187
2024-07-05,1.4394110327181249
2024-07-06,1.4394110327181249
2024-07-07,1.4394110327181249
2024-07-08,1.4247029868447079
2024-07-09,1.4099923586243415
2024-07-10,1.4099923586243415
2024-07-11,1.3954575933946982
2024-07-12,1.3954575933946982
2024-07-13,1.3954575933946982
2024-07-14,1.3954575933946982
2024-07-15,1.3950203965306878
2024-07-16,1.4181796881416524
2024-07-17,1.443934540368149
2024-07-18,1.4292267675334132
2024-07-19,1.4292267675334132
2024-07-20,1.4292267675334132
2024-07-21,1.4292267675334132
2024-07-22,1.4292267675334132
2024-07-23,1.4292267675334132
2024-07-24,1.4292267675334132
2024-07-25,1.4292267675334132
2024-07-26,1.4292267675334132
2024-07-27,1.4292267675334132
2024-07-28,1.4292267675334132
2024-07-29,1.4292267675334132
2024-07-30,1.4145361743579674
2024-07-31,1.448549121031257
2024-08-01,1.4480438670978413
2024-08-02,1.447859386309173
2024-08-03,1.447859386309173
2024-08-04,1.447859386309173
2024-08-05,1.447859386309173
2024-08-06,1.447859386309173
2024-08-07,1.447859386309173
2024-08-08,1.4329100933595922
2024-08-09,1.4329100933595922
2024-08-10,1.4329100933595922
2024-08-11,1.4329100933595922
2024-08-12,1.4749758916793405
2024-08-13,1.474596085387233
2024-08-14,1.474596085387233
2024-08-15,1.474596085387233
2024-08-16,1.4945395550632699
2024-08-17,1.4945395550632699
2024-08-18,1.4945395550632699
2024-08-19,1.4945395550632699
2024-08-20,1.5379611600263006
2024-08-21,1.5379611600263006
2024-08-22,1.5379611600263006
2024-08-23,1.5379611600263006
2024-08-24,1.5379611600263006
2024-08-25,1.5379611600263006
2024-08-26,1.5379611600263006
2024-08-27,1.5379611600263006
2024-08-28,1.5061382828875003
2024-08-29,1.5061382828875003
2024-08-30,1.4908987238997597
2024-08-31,1.4908987238997597
2024-09-01,1.4908987238997597
2024-09-02,1.4908987238997597
2024-09-03,1.4908987238997597
2024-09-04,1.4908987238997597
2024-09-05,1.4908987238997597
2024-09-06,1.47558600128633
2024-09-07,1.47558600128633
2024-09-08,1.47558600128633
2024-09-09,1.47558600128633
2024-09-10,1.47558600128633
2024-09-11,1.510831553395855
2024-09-12,1.5543132855025876
2024-09-13,1.5918611424031308
2024-09-14,1.5918611424031308
2024-09-15,1.5918611424031308
2024-09-16,1.6369332579752474
2024-09-17,1.6369332579752474
2024-09-18,1.6369332579752474
2024-09-19,1.619969554929524
2024-09-20,1.6030904441488916
2024-09-21,1.6030904441488916
2024-09-22,1.6030904441488916
2024-09-23,1.649380161650824
2024-09-24,1.6321266555318592
2024-09-25,1.6153593287615837
2024-09-26,1.614962434974507
2024-09-27,1.5985468263117217
2024-09-28,1.5985468263117217
2024-09-29,1.5985468263117217
2024-09-30,1.5985468263117217
2024-10-01,1.6256234920198376
2024-10-02,1.6091677930971684
2024-10-03,1.5925463771287092
2024-10-04,1.5925463771287092
2024-10-05,1.5925463771287092
2024-10-06,1.5925463771287092
2024-10-07,1.5925463771287092
2024-10-08,1.5925463771287092
2024-10-09,1.5925463771287092
2024-10-10,1.5925463771287092
2024-10-11,1.5925463771287092
2024-10-12,1.5925463771287092
2024-10-13,1.5925463771287092
2024-10-14,1.5922426785345907
2024-10-15,1.5756814439866167
2024-10-16,1.5881725010656762
2024-10-17,1.5709854570763935
2024-10-18,1.554591752536164
2024-10-19,1.554591752536164
2024-10-20,1.554591752536164
2024-10-21,1.5823525638387281
2024-10-22,1.5814007787715791
2024-10-23,1.6265494547253518
2024-10-24,1.6265494547253518
2024-10-25,1.6265494547253518
2024-10-26,1.6265494547253518
2024-10-27,1.6265494547253518
2024-10-28,1.62621145774866
2024-10-29,1.6487432679803506
2024-10-30,1.6312932989807
2024-10-31,1.6312932989807
2024-11-01,1.6312932989807
2024-11-02,1.6312932989807
2024-11-03,1.6312932989807
2024-11-04,1.6312932989807
2024-11-05,1.614503212700941
2024-11-06,1.5980197807005496
2024-11-07,1.5980197807005496
2024-11-08,1.5980197807005496
2024-11-09,1.5980197807005496
2024-11-10,1.5980197807005496
2024-11-11,1.5980197807005496
2024-11-12,1.5980197807005496
2024-11-13,1.5980197807005496
2024-11-14,1.5980197807005496
2024-11-15,1.5980197807005496
2024-11-16,1.5980197807005496
2024-11-17,1.5980197807005496
2024-11-18,1.5980197807005496
2024-11-19,1.5971276062569846
2024-11-20,1.634234470496956
2024-11-21,1.6809263469769715
2024-11-22,1.6809263469769715
2024-11-23,1.6809263469769715
2024-11-24,1.6809263469769715
2024-11-25,1.6639227684214912
2024-11-26,1.6639227684214912
2024-11-27,1.6470436030740698
2024-11-28,1.6470436030740698
2024-11-29,1.6470436030740698
2024-11-30,1.6470436030740698
2024-12-01,1.6470436030740698
2024-12-02,1.6300979949638421
2024-12-03,1.6133637349671424
2024-12-04,1.5969761541655871
2024-12-05,1.5806427611536278
2024-12-06,1.5806427611536278
2024-12-07,1.5806427611536278
2024-12-08,1.5806427611536278
2024-12-09,1.580082739423351
2024-12-10,1.580082739423351
2024-12-11,1.6184021159784765
2024-12-12,1.6179570553965823
2024-12-13,1.6179570553965823
2024-12-14,1.6179570553965823
2024-12-15,1.6179570553965823
2024-12-16,1.6179570553965823
2024-12-17,1.6179570553965823
2024-12-18,1.6179570553965823
2024-12-19,1.6179570553965823
2024-12-20,1.6179570553965823
2024-12-21,1.6179570553965823
2024-12-22,1.6179570553965823
2024-12-23,1.6179570553965823
2024-12-24,1.6179570553965823
2024-12-25,1.6179570553965823
2024-12-26,1.6179570553965823
2024-12-27,1.6179570553965823
2024-12-28,1.6179570553965823
2024-12-29,1.6179570553965823
2024-12-30,1.6179570553965823
2024-12-31,1.6179570553965823
2025-01-01,1.6179570553965823
2025-01-02,1.6179570553965823
2025-01-03,1.6179570553965823
2025-01-04,1.6179570553965823
2025-01-05,1.6179570553965823
2025-01-06,1.6179570553965823
2025-01-07,1.5842904431921847
2025-01-08,1.5842904431921847
2025-01-09,1.5842904431921847
2025-01-10,1.630727580372591
2025-01-11,1.630727580372591
2025-01-12,1.630727580372591
2025-01-13,1.630727580372591
2025-01-14,1.630727580372591
2025-01-15,1.630727580372591
2025-01-16,1.6703130031678617
2025-01-17,1.6348856643706715
2025-01-18,1.6348856643706715
2025-01-19,1.6348856643706715
2025-01-20,1.6009988987395614
2025-01-21,1.6466219239573832
2025-01-22,1.6857718421592014
2025-01-23,1.6686079875710733
2025-01-24,1.6511149688725733
2025-01-25,1.6511149688725733
2025-01-26,1.6511149688725733
2025-01-27,1.6511149688725733
2025-01-28,1.687877043654521
2025-01-29,1.687877043654521
2025-01-30,1.7267156007921245
2025-01-31,1.7088321799862805
2025-02-01,1.7088321799862805
2025-02-02,1.7088321799862805
2025-02-03,1.6735663267550316
2025-02-04,1.6389946303600895
2025-02-05,1.6862476650506861
2025-02-06,1.6862476650506861
2025-02-07,1.6691551842186663
2025-02-08,1.6691551842186663
2025-02-09,1.6691551842186663
2025-02-10,1.6691551842186663
2025-02-11,1.6691551842186663
2025-02-12,1.6691551842186663
2025-02-13,1.7099513399071917
2025-02-14,1.7099513399071917
2025-02-15,1.7099513399071917
2025-02-16,1.7099513399071917
2025-02-17,1.7099513399071917
2025-02-18,1.7099513399071917
2025-02-19,1.6925019704639748
2025-02-20,1.7396774163871112
2025-02-21,1.721923834385139
2025-02-22,1.721923834385139
2025-02-23,1.721923834385139
2025-02-24,1.721923834385139
2025-02-25,1.721923834385139
2025-02-26,1.721923834385139
2025-02-27,1.721923834385139
2025-02-28,1.721923834385139
2025-03-01,1.721923834385139
2025-03-02,1.721923834385139
2025-03-03,1.721923834385139
2025-03-04,1.721923834385139
2025-03-05,1.721923834385139
2025-03-06,1.721547249642559
2025-03-07,1.7444007893815638
2025-03-08,1.7444007893815638
2025-03-09,1.7444007893815638
2025-03-10,1.726401538716488
2025-03-11,1.708596987007551
2025-03-12,1.7316428848877063
2025-03-13,1.7732341763540933
2025-03-14,1.7548193167560737
2025-03-15,1.7548193167560737
2025-03-16,1.7548193167560737
2025-03-17,1.7539220776394164
2025-03-18,1.7967125145675853
2025-03-19,1.7967125145675853
2025-03-20,1.7967125145675853
2025-03-21,1.7785184646313195
2025-03-22,1.7785184646313195
2025-03-23,1.7785184646313195
2025-03-24,1.7604442707345038
2025-03-25,1.7604442707345038
2025-03-26,1.7426106181831091
2025-03-27,1.7419963479401996
2025-03-28,1.783934213218321
2025-03-29,1.783934213218321
2025-03-30,1.783934213218321
2025-03-31,1.747483620619895
2025-04-01,1.747483620619895
2025-04-02,1.747483620619895
2025-04-03,1.7473139399603328
2025-04-04,1.747166641395194
2025-04-05,1.747166641395194
2025-04-06,1.747166641395194
2025-04-07,1.747166641395194
2025-04-08,1.747166641395194
2025-04-09,1.7470301876805012
2025-04-10,1.7470301876805012
2025-04-11,1.7809891351716534
2025-04-12,1.7809891351716534
2025-04-13,1.7809891351716534
2025-04-14,1.7629616069476188
2025-04-15,1.7629616069476188
2025-04-16,1.7629616069476188
2025-04-17,1.7629616069476188
2025-04-18,1.7629616069476188
2025-04-19,1.7629616069476188
2025-04-20,1.7629616069476188
2025-04-21,1.7449942074342515
2025-04-22,1.7449942074342515
2025-04-23,1.7449942074342515
2025-04-24,1.7449942074342515
2025-04-25,1.7449942074342515
2025-04-26,1.7449942074342515
2025-04-27,1.7449942074342515
2025-04-28,1.7449942074342515
2025-04-29,1.7449942074342515
2025-04-30,1.7092551555712112
2025-05-01,1.7092551555712112
2025-05-02,1.7092551555712112
2025-05-03,1.7092551555712112
2025-05-04,1.7092551555712112
2025-05-05,1.749561443245767
2025-05-06,1.7825884394783502
2025-05-07,1.7645958830644755
2025-05-08,1.74680205109883
2025-05-09,1.74680205109883
2025-05-10,1.74680205109883
2025-05-11,1.74680205109883
2025-05-12,1.74680205109883
2025-05-13,1.74680205109883
2025-05-14,1.74680205109883
2025-05-15,1.74680205109883
2025-05-16,1.74680205109883
2025-05-17,1.74680205109883
2025-05-18,1.74680205109883
2025-05-19,1.74680205109883
2025-05-20,1.7885787436331149
2025-05-21,1.7885787436331149
2025-05-22,1.7885787436331149
2025-05-23,1.7885787436331149
2025-05-24,1.7885787436331149
2025-05-25,1.7885787436331149
2025-05-26,1.7885787436331149
2025-05-27,1.7885787436331149
2025-05-28,1.7883326351979911
2025-05-29,1.8310110147037275
2025-05-30,1.8119968808215365
2025-05-31,1.8119968808215365
2025-06-01,1.8119968808215365
2025-06-02,1.8119968808215365
2025-06-03,1.79326101427353
2025-06-04,1.79326101427353
2025-06-05,1.7930307595592971
2025-06-06,1.7930307595592971
2025-06-07,1.7930307595592971
2025-06-08,1.7930307595592971
2025-06-09,1.7930307595592971
2025-06-10,1.7930307595592971
2025-06-11,1.7747251706257285
2025-06-12,1.7565706194928126
2025-06-13,1.8410788806824878
2025-06-14,1.8410788806824878
2025-06-15,1.8410788806824878
2025-06-16,1.8224508445677425
2025-06-17,1.8040333385776255
2025-06-18,1.7673688866177093
2025-06-19,1.7673688866177093
2025-06-20,1.7673688866177093
2025-06-21,1.7673688866177093
2025-06-22,1.7673688866177093
2025-06-23,1.749557342978376
2025-06-24,1.749557342978376
2025-06-25,1.749557342978376
2025-06-26,1.749557342978376
2025-06-27,1.749557342978376
2025-06-28,1.749557342978376
2025-06-29,1.749557342978376
2025-06-30,1.749557342978376
2025-07-01,1.731006611515042
2025-07-02,1.7131786282217263
2025-07-03,1.7129046909590737
2025-07-04,1.7129046909590737
2025-07-05,1.7129046909590737
2025-07-06,1.7129046909590737
2025-07-07,1.6954998663942387
2025-07-08,1.6954998663942387
2025-07-09,1.6954998663942387
2025-07-10,1.6954998663942387
2025-07-11,1.73629834057931
2025-07-12,1.73629834057931
2025-07-13,1.73629834057931
2025-07-14,1.7184368659199365
2025-07-15,1.7184368659199365
2025-07-16,1.7184368659199365
2025-07-17,1.7184368659199365
2025-07-18,1.7184368659199365
2025-07-19,1.7184368659199365
2025-07-20,1.7184368659199365
2025-07-21,1.7692003501576443
2025-07-22,1.7732482805588052
2025-07-23,1.7368096243167743
2025-07-24,1.7368096243167743
2025-07-25,1.7368096243167743
2025-07-26,1.7368096243167743
2025-07-27,1.7368096243167743
2025-07-28,1.7368096243167743
2025-07-29,1.7368096243167743
2025-07-30,1.7368096243167743
2025-07-31,1.7368096243167743
2025-08-01,1.7368096243167743
2025-08-02,1.7368096243167743
2025-08-03,1.7368096243167743
2025-08-04,1.7780263745543228
2025-08-05,1.8199575705454372
2025-08-06,1.8195067670552132
2025-08-07,1.864053751233026
2025-08-08,1.8259614400158288
2025-08-09,1.8259614400158288
2025-08-10,1.8074847188004526
2025-08-11,1.8074847188004526
2025-08-12,1.8074847188004526
2025-08-13,1.8074847188004526
2025-08-14,1.8074847188004526
2025-08-15,1.8074847188004526
2025-08-16,1.8074847188004526
2025-08-17,1.8074847188004526
2025-08-18,1.8074847188004526
2025-08-19,1.8074847188004526
2025-08-20,1.8074847188004526
2025-08-21,1.8069336167096903
2025-08-22,1.8502487065960085
2025-08-23,1.8502487065960085
2025-08-24,1.8502487065960085
2025-08-25,1.8313461957596824
2025-08-26,1.8313461957596824
2025-08-27,1.8313461957596824
2025-08-28,1.856110574691843
2025-08-29,1.9539173933699423
2025-08-30,1.9539173933699423
2025-08-31,1.9539173933699423
2025-09-01,1.9539173933699423
2025-09-02,1.9539173933699423
2025-09-03,2.00196109580508
2025-09-04,2.00196109580508
2025-09-05,2.001558501428714
2025-09-06,2.001558501428714
2025-09-07,2.001558501428714
2025-09-08,2.001558501428714
2025-09-09,2.029799290948772
2025-09-10,2.009247776107845
2025-09-11,2.009247776107845
2025-09-12,2.009247776107845
2025-09-13,2.009247776107845
2025-09-14,2.009247776107845
2025-09-15,2.009247776107845
2025-09-16,2.009247776107845
2025-09-17,2.04835477019812
2025-09-18,2.0274631902259155
2025-09-19,2.0274631902259155
2025-09-20,2.0274631902259155
2025-09-21,2.075434591277213
2025-09-22,2.075434591277213
2025-09-23,2.054188367366308
2025-09-24,2.054188367366308
2025-09-25,2.054188367366308
2025-09-26,2.0332833031892945
2025-09-27,2.0332833031892945
2025-09-28,2.0332833031892945
2025-09-29,2.0332833031892945
2025-09-30,2.0832168778773474
2025-10-01,2.133574896109652
2025-10-02,2.1117089537868723
2025-10-03,2.1117089537868723
2025-10-04,2.1117089537868723
2025-10-05,2.1117089537868723
2025-10-06,2.16349565948596
2025-10-07,2.1411820143027196
2025-10-08,2.1411820143027196
2025-10-09,2.1195836972062465
2025-10-10,2.0550292322073935
2025-10-11,2.0550292322073935
2025-10-12,2.0550292322073935
2025-10-13,2.0932447613124454
2025-10-14,2.155313445650406
2025-10-15,2.155313445650406
2025-10-16,2.2084720964739275
2025-10-17,2.2084720964739275
2025-10-18,2.2084720964739275
2025-10-19,2.2084720964739275
2025-10-20,2.250875423267856
2025-10-21,2.250875423267856
2025-10-22,2.250875423267856
2025-10-23,2.250875423267856
2025-10-24,2.250875423267856
2025-10-25,2.250875423267856
2025-10-26,2.250875423267856
2025-10-27,2.250875423267856
2025-10-28,2.250875423267856
2025-10-29,2.250875423267856
2025-10-30,2.250875423267856
2025-10-31,2.250875423267856
2025-11-01,2.250875423267856
2025-11-02,2.250875423267856
2025-11-03,2.250875423267856
2025-11-04,2.250875423267856
2025-11-05,2.250875423267856
2025-11-06,2.227909066061627
2025-11-07,2.227909066061627
2025-11-08,2.227909066061627
2025-11-09,2.227909066061627
2025-11-10,2.227909066061627
2025-11-11,2.204824809064536
2025-11-12,2.2355435307168277
2025-11-13,2.2355435307168277
2025-11-14,2.2355435307168277
2025-11-15,2.2355435307168277
2025-11-16,2.2355435307168277
2025-11-17,2.2355435307168277
2025-11-18,2.2355435307168277
2025-11-19,2.2130566454500533
2025-11-20,2.2130566454500533
2025-11-21,2.2130566454500533
2025-11-22,2.2130566454500533
2025-11-23,2.2130566454500533
2025-11-24,2.2130566454500533
2025-11-25,2.2130566454500533
2025-11-26,2.222308328756357
2025-11-27,2.199669896042149
2025-11-28,2.2529041071962648
2025-11-29,2.2529041071962648
2025-11-30,2.2529041071962648
2025-12-01,2.229975626226096
2025-12-02,2.1848079159120117
2025-12-03,2.1848079159120117
2025-12-04,2.1848079159120117
2025-12-05,2.1846119386419547
2025-12-06,2.1846119386419547
2025-12-07,2.1846119386419547
2025-12-08,2.1846119386419547
2025-12-09,2.16231382304543
2025-12-10,2.16231382304543
2025-12-11,2.2143685010958967
2025-12-12,2.213980765171355
2025-12-13,2.213980765171355
2025-12-14,2.213980765171355
2025-12-15,2.213980765171355
2025-12-16,2.221997368123964
2025-12-17,2.221997368123964
2025-12-18,2.221798721559254
2025-12-19,2.1992816802357393
2025-12-20,2.1992816802357393
2025-12-21,2.1992816802357393
2025-12-22,2.264369201634148
2025-12-23,2.264369201634148
2025-12-24,2.264369201634148
2025-12-25,2.264369201634148
2025-12-26,2.2640845704255024
2025-12-27,2.2640845704255024
2025-12-28,2.3294414469030613
2025-12-29,2.3294414469030613
2025-12-30,2.3294414469030613
2025-12-31,2.3294414469030613
2026-01-01,2.3294414469030613
2026-01-02,2.3294414469030613
2026-01-03,2.3294414469030613
2026-01-04,2.3294414469030613
2026-01-05,2.3294414469030613
2026-01-06,2.386903176738687
2026-01-07,2.386903176738687
2026-01-08,2.386903176738687
2026-01-09,2.386903176738687
2026-01-10,2.386903176738687
2026-01-11,2.386903176738687
2026-01-12,2.4217739226282977
2026-01-13,2.4215479711213166
2026-01-14,2.4215479711213166
2026-01-15,2.4215479711213166
2026-01-16,2.4215479711213166
2026-01-17,2.4215479711213166
2026-01-18,2.4215479711213166
2026-01-19,2.4215479711213166
2026-01-20,2.4215479711213166
2026-01-21,2.4215479711213166
2026-01-22,2.537964858452163
2026-01-23,2.537964858452163
2026-01-24,2.537964858452163
2026-01-25,2.537964858452163
2026-01-26,2.537964858452163
2026-01-27,2.537964858452163
2026-01-28,2.537964858452163
2026-01-29,2.537964858452163
2026-01-30,2.537964858452163
2026-01-31,2.537964858452163
2026-02-01,2.537964858452163
2026-02-02,2.537964858452163
2026-02-03,2.537964858452163
2026-02-04,2.5378729841242866
2026-02-05,2.5378729841242866
2026-02-06,2.5378729841242866
2026-02-07,2.5378729841242866
2026-02-08,2.5378729841242866
2026-02-09,2.5123797962114596
2026-02-10,2.5123797962114596
2026-02-11,2.5120459009365432
2026-02-12,2.5720456148712323
2026-02-13,2.5720456148712323
2026-02-14,2.5720456148712323
2026-02-15,2.5720456148712323
2026-02-16,2.5720456148712323
2026-02-17,2.5720456148712323
2026-02-18,2.5460592092059424
2026-02-19,2.5460592092059424
2026-02-20,2.5459240134619336
2026-02-21,2.5459240134619336
2026-02-22,2.6216298645186393
2026-02-23,2.659404667073502
2026-02-24,2.659404667073502
2026-02-25,2.6981652241556313
2026-02-26,2.6710645828276895
2026-02-27,2.7223984375127634
2026-02-28,2.7223984375127634
2026-03-01,2.7223984375127634
2026-03-02,2.7223984375127634
2026-03-03,2.7223984375127634
2026-03-04,2.7223984375127634
2026-03-05,2.7223984375127634
2026-03-06,2.7223984375127634
2026-03-07,2.7223984375127634
2026-03-08,2.7223984375127634
2026-03-09,2.7223984375127634
2026-03-10,2.7755788575505127
2026-03-11,2.747552727594282
2026-03-12,2.747552727594282
2026-03-13,2.747552727594282
2026-03-14,2.747552727594282
2026-03-15,2.747552727594282
2026-03-16,2.747552727594282
2026-03-17,2.747552727594282
2026-03-18,2.747552727594282
2026-03-19,2.747552727594282
2026-03-20,2.747552727594282
2026-03-21,2.747552727594282
2026-03-22,2.747552727594282
2026-03-23,2.747552727594282
2026-03-24,2.747552727594282
2026-03-25,2.747552727594282
2026-03-26,2.747552727594282
2026-03-27,2.747552727594282
2026-03-28,2.747552727594282
2026-03-29,2.747552727594282
2026-03-30,2.747552727594282
2026-03-31,2.8154024431811315
2026-04-01,2.8154024431811315
2026-04-02,2.8154024431811315
2026-04-03,2.8154024431811315
2026-04-04,2.8154024431811315
2026-04-05,2.8154024431811315
2026-04-06,2.8154024431811315
2026-04-07,2.899379985716094
2026-04-08,2.899379985716094
2026-04-09,2.8989998769999663
2026-04-10,2.8989998769999663
2026-04-11,2.8989998769999663
2026-04-12,2.8989998769999663
2026-04-13,2.869828980637642
2026-04-14,2.869828980637642
2026-04-15,2.869828980637642
2026-04-16,2.869828980637642
2026-04-17,2.9244610539933467
2026-04-18,2.9244610539933467
2026-04-19,2.8949614304495053
2026-04-20,2.8949614304495053
2026-04-21,2.865863015127485
2026-04-22,2.865863015127485
2026-04-23,2.865863015127485
2026-04-24,2.865863015127485
2026-04-25,2.865863015127485
2026-04-26,2.865863015127485
2026-04-27,2.865863015127485
2026-04-28,2.865863015127485
2026-04-29,2.865863015127485
2026-04-30,2.865863015127485
2026-05-01,2.865863015127485
2026-05-02,2.865863015127485
2026-05-03,2.865863015127485
2026-05-04,2.865863015127485
2026-05-05,2.865863015127485
2026-05-06,2.9506217735587854
2026-05-07,2.9506217735587854
2026-05-08,2.9207871516198005
2026-05-09,2.9207871516198005
2026-05-10,2.9207871516198005
2026-05-11,2.9626662740358705
