entry_ts,exit_ts,side,setup,entry,risk_price,r_1x
2023-01-03 13:30:00+00:00,2023-01-03 15:30:00+00:00,1,FVG,1839.21,8.564,-1.02335
2023-01-03 17:45:00+00:00,2023-01-05 13:45:00+00:00,1,NY,1838.87,11.704,-0.01709
2023-01-06 14:00:00+00:00,2023-01-06 14:00:00+00:00,1,FVG,1852.13,5.3113,-1.03766
2023-01-06 15:30:00+00:00,2023-01-09 02:30:00+00:00,1,FVG,1857.805,8.5488,2.43566
2023-01-10 14:15:00+00:00,2023-01-11 15:30:00+00:00,1,NY,1876.86,6.618,-1.03022
2023-01-13 15:00:00+00:00,2023-01-16 01:45:00+00:00,1,FVG,1910.895,4.3743,3.06238
2023-01-16 15:15:00+00:00,2023-01-17 02:30:00+00:00,1,FVG,1916.07,4.8107,-1.04157
2023-01-17 13:45:00+00:00,2023-01-17 19:00:00+00:00,1,FVG,1912.91,8.835,-1.02264
2023-01-19 13:30:00+00:00,2023-01-19 19:15:00+00:00,1,NY,1912.346,5.8505,2.7566
2023-01-19 20:30:00+00:00,2023-01-20 04:00:00+00:00,1,NY,1932.075,4.7332,-1.04225
2023-01-25 14:30:00+00:00,2023-01-25 18:15:00+00:00,1,FVG,1928.105,5.6286,2.36809
2023-01-27 13:45:00+00:00,2023-01-27 13:45:00+00:00,1,NY,1933.09,3.4118,-1.05862
2023-01-27 14:00:00+00:00,2023-01-27 14:30:00+00:00,1,NY,1929.135,3.797,-1.05267
2023-01-27 16:30:00+00:00,2023-01-27 17:15:00+00:00,1,NY,1930.815,3.3997,-1.05883
2023-01-31 14:15:00+00:00,2023-02-01 17:00:00+00:00,1,FVG,1921.215,5.5475,-0.03605
2023-02-02 14:15:00+00:00,2023-02-02 16:45:00+00:00,-1,NY,1946.33,10.6444,2.87975
2023-02-02 18:30:00+00:00,2023-02-03 13:30:00+00:00,-1,NY,1915.925,6.4209,2.78508
2023-02-03 14:00:00+00:00,2023-02-03 15:00:00+00:00,-1,FVG,1886.48,6.9534,2.285
2023-02-03 18:45:00+00:00,2023-02-05 23:15:00+00:00,-1,NY,1863.41,6.2236,-1.03214
2023-02-06 13:30:00+00:00,2023-02-06 13:30:00+00:00,-1,NY,1869.87,3.2613,-1.06133
2023-02-06 13:45:00+00:00,2023-02-06 15:45:00+00:00,-1,NY,1872.755,3.3661,2.64944
2023-02-06 16:00:00+00:00,2023-02-07 02:45:00+00:00,-1,NY,1865.865,8.6242,-1.02319
2023-02-07 13:30:00+00:00,2023-02-07 14:00:00+00:00,-1,NY,1866.38,4.2435,-1.04713
2023-02-07 14:15:00+00:00,2023-02-07 15:30:00+00:00,-1,NY,1869.76,3.3953,-1.05891
2023-02-07 18:30:00+00:00,2023-02-08 07:30:00+00:00,-1,NY,1872.08,8.63,-1.02318
2023-02-08 13:30:00+00:00,2023-02-09 13:45:00+00:00,-1,FVG,1875.28,11.1274,-1.01797
2023-02-09 15:00:00+00:00,2023-02-09 19:30:00+00:00,-1,FVG,1879.21,7.3034,2.3552
2023-02-13 13:30:00+00:00,2023-02-14 13:30:00+00:00,-1,NY,1857.54,9.3311,-1.02143
2023-02-14 14:45:00+00:00,2023-02-14 15:00:00+00:00,-1,FVG,1847.995,16.5227,-1.0121
2023-02-16 13:30:00+00:00,2023-02-16 13:45:00+00:00,-1,NY,1836.345,3.005,2.66722
2023-02-16 14:00:00+00:00,2023-02-16 14:00:00+00:00,-1,NY,1830.7,4.1611,-1.04806
2023-02-16 14:15:00+00:00,2023-02-16 18:00:00+00:00,-1,NY,1835.11,10.0607,-1.01988
2023-02-21 15:15:00+00:00,2023-02-21 15:30:00+00:00,-1,FVG,1835.25,4.5512,-1.04394
2023-02-22 13:45:00+00:00,2023-02-22 19:30:00+00:00,-1,FVG,1836.915,4.6473,2.38918
2023-02-22 23:15:00+00:00,2023-02-23 02:45:00+00:00,-1,NY,1825.77,3.68,-1.05435
2023-02-23 13:30:00+00:00,2023-02-23 13:45:00+00:00,-1,NY,1825.09,3.1287,-0.06392
2023-02-23 14:00:00+00:00,2023-02-23 14:15:00+00:00,-1,NY,1825.39,3.4613,-1.05778
2023-02-23 14:45:00+00:00,2023-02-23 14:45:00+00:00,-1,NY,1823.665,5.246,-1.03812
2023-02-28 14:15:00+00:00,2023-02-28 15:45:00+00:00,1,FVG,1813.41,5.6945,2.31122
2023-03-02 13:30:00+00:00,2023-03-02 13:45:00+00:00,1,NY,1834.765,4.4658,-1.04479
2023-03-02 14:15:00+00:00,2023-03-03 06:45:00+00:00,1,NY,1833.875,3.6118,2.82834
2023-03-03 13:30:00+00:00,2023-03-03 15:00:00+00:00,1,NY,1846.86,4.9589,-1.04033
2023-03-03 16:15:00+00:00,2023-03-03 19:30:00+00:00,1,NY,1846.39,2.0437,2.59876
2023-03-07 13:30:00+00:00,2023-03-07 13:30:00+00:00,-1,FVG,1834.38,2.6564,-1.07529
2023-03-07 13:45:00+00:00,2023-03-07 15:00:00+00:00,-1,NY,1837.12,3.0184,2.56931
2023-03-07 15:30:00+00:00,2023-03-08 03:15:00+00:00,-1,FVG,1821.55,5.0941,2.28554
2023-03-08 13:30:00+00:00,2023-03-08 14:30:00+00:00,-1,NY,1812.665,4.1821,-1.04782
2023-03-08 18:15:00+00:00,2023-03-09 13:45:00+00:00,-1,NY,1815.16,9.4573,-1.02115
2023-03-10 14:00:00+00:00,2023-03-10 14:30:00+00:00,1,FVG,1842.705,4.1563,2.32135
2023-03-10 14:45:00+00:00,2023-03-12 22:00:00+00:00,1,FVG,1858.745,5.9905,2.40235
2023-03-13 09:15:00+00:00,2023-03-15 12:00:00+00:00,1,FVG,1885.16,13.9743,2.43309
2023-03-16 12:30:00+00:00,2023-03-16 12:30:00+00:00,1,NY,1929.73,4.3507,-1.04597
2023-03-16 12:45:00+00:00,2023-03-16 13:30:00+00:00,1,NY,1930.575,4.6325,-1.04317
2023-03-16 13:45:00+00:00,2023-03-17 14:45:00+00:00,1,NY,1925.23,13.1304,2.96954
2023-03-17 16:00:00+00:00,2023-03-17 18:45:00+00:00,1,NY,1959.645,8.0543,2.83611
2023-03-17 19:30:00+00:00,2023-03-20 01:00:00+00:00,1,NY,1978.0,7.9002,-1.02532
2023-03-24 09:45:00+00:00,2023-03-24 11:00:00+00:00,1,FVG,1991.09,6.0906,-0.03284
2023-03-27 09:45:00+00:00,2023-03-27 12:45:00+00:00,-1,FVG,1959.11,5.0705,2.36737
2023-03-28 12:30:00+00:00,2023-03-28 14:15:00+00:00,1,FVG,1963.46,3.6096,-1.05541
2023-03-28 14:30:00+00:00,2023-03-29 06:00:00+00:00,1,NY,1962.74,5.0091,-0.03993
2023-03-30 12:30:00+00:00,2023-03-30 12:30:00+00:00,1,NY,1973.805,3.1705,-1.06308
2023-03-30 12:45:00+00:00,2023-03-30 14:00:00+00:00,1,NY,1968.91,4.1622,-1.04805
2023-03-30 14:30:00+00:00,2023-03-30 16:30:00+00:00,1,NY,1969.265,4.6269,2.74497
2023-04-03 14:30:00+00:00,2023-04-03 14:45:00+00:00,1,FVG,1988.69,6.4037,-1.03123
2023-04-04 14:00:00+00:00,2023-04-04 14:00:00+00:00,1,FVG,1992.755,4.3841,2.3027
2023-04-04 14:30:00+00:00,2023-04-05 14:30:00+00:00,1,FVG,2021.95,7.6823,-1.02603
2023-04-10 12:30:00+00:00,2023-04-10 12:45:00+00:00,-1,FVG,1999.175,3.0518,2.38859
2023-04-10 13:15:00+00:00,2023-04-10 17:00:00+00:00,-1,FVG,1991.03,4.6196,-0.04329
2023-04-12 13:00:00+00:00,2023-04-12 13:00:00+00:00,1,FVG,2022.645,5.5373,-1.03612
2023-04-13 13:00:00+00:00,2023-04-13 13:00:00+00:00,1,FVG,2045.36,4.7864,-1.04178
2023-04-13 13:15:00+00:00,2023-04-13 14:30:00+00:00,1,FVG,2043.19,5.0836,-1.03934
2023-04-14 14:30:00+00:00,2023-04-17 05:45:00+00:00,-1,FVG,2009.955,9.1825,-0.02178
2023-04-17 12:30:00+00:00,2023-04-17 14:45:00+00:00,-1,NY,2006.22,9.0509,2.27742
2023-04-17 16:15:00+00:00,2023-04-17 17:00:00+00:00,-1,NY,1987.985,6.8525,-1.02919
2023-04-17 17:15:00+00:00,2023-04-18 15:30:00+00:00,-1,NY,1994.805,16.284,-1.01228
2023-04-18 15:45:00+00:00,2023-04-19 06:15:00+00:00,1,NY,2008.525,17.6378,-1.01134
2023-04-20 13:00:00+00:00,2023-04-20 14:45:00+00:00,1,FVG,2006.875,5.1409,-1.0389
2023-04-21 02:00:00+00:00,2023-04-21 06:15:00+00:00,-1,NY,2001.935,3.8795,2.70614
2023-04-21 14:15:00+00:00,2023-04-24 22:00:00+00:00,-1,FVG,1977.885,15.1894,-1.01317
2023-04-25 17:15:00+00:00,2023-04-26 15:45:00+00:00,1,NY,1991.565,8.3463,-0.02396
2023-04-27 02:15:00+00:00,2023-04-27 10:00:00+00:00,1,NY,1996.275,2.7227,-0.07346
2023-04-27 13:00:00+00:00,2023-04-27 14:00:00+00:00,-1,FVG,1985.64,5.746,-0.03481
2023-04-28 12:30:00+00:00,2023-04-28 12:30:00+00:00,-1,NY,1980.76,2.7134,-1.07371
2023-04-28 12:45:00+00:00,2023-04-28 12:45:00+00:00,-1,NY,1979.47,4.0302,-1.04963
2023-04-28 14:15:00+00:00,2023-04-28 14:30:00+00:00,-1,NY,1983.2,6.8363,-1.02926
2023-05-01 09:30:00+00:00,2023-05-01 10:00:00+00:00,1,FVG,1982.225,1.6841,1.90326
2023-05-01 12:45:00+00:00,2023-05-01 13:30:00+00:00,1,FVG,2004.725,4.9386,-1.0405
2023-05-01 14:15:00+00:00,2023-05-02 14:00:00+00:00,-1,FVG,1986.37,6.7668,-1.02956
2023-05-02 14:30:00+00:00,2023-05-02 16:00:00+00:00,1,FVG,2003.155,5.3687,2.29977
2023-05-04 14:00:00+00:00,2023-05-05 12:30:00+00:00,1,FVG,2044.53,14.5298,-1.01376
2023-05-05 12:45:00+00:00,2023-05-05 12:45:00+00:00,-1,FVG,2008.395,5.8905,-1.03395
2023-05-05 13:00:00+00:00,2023-05-05 14:45:00+00:00,-1,FVG,2010.31,6.4113,-0.0312
2023-05-08 12:30:00+00:00,2023-05-08 13:30:00+00:00,1,NY,2024.35,4.5223,-1.04423
2023-05-08 14:00:00+00:00,2023-05-08 18:00:00+00:00,1,NY,2025.155,3.8535,-1.0519
2023-05-09 01:30:00+00:00,2023-05-09 13:00:00+00:00,1,NY,2023.795,3.6743,-0.05443
2023-05-09 14:00:00+00:00,2023-05-10 14:30:00+00:00,1,FVG,2030.575,9.3101,-0.02148
2023-05-11 13:30:00+00:00,2023-05-12 01:30:00+00:00,-1,NY,2027.805,5.8051,2.85875
2023-05-12 01:45:00+00:00,2023-05-12 09:30:00+00:00,-1,NY,2012.86,3.8492,2.65188
2023-05-12 10:00:00+00:00,2023-05-12 12:30:00+00:00,-1,FVG,2002.76,10.1918,-1.01962
2023-05-12 14:30:00+00:00,2023-05-15 07:30:00+00:00,-1,FVG,2013.365,5.972,-1.03349
2023-05-17 12:30:00+00:00,2023-05-17 14:15:00+00:00,-1,NY,1985.105,4.0302,-0.04963
2023-05-17 14:30:00+00:00,2023-05-18 12:30:00+00:00,-1,NY,1983.85,5.4365,2.8786
2023-05-18 13:00:00+00:00,2023-05-18 13:30:00+00:00,-1,FVG,1966.875,3.8791,2.24543
2023-05-18 13:45:00+00:00,2023-05-19 00:00:00+00:00,-1,FVG,1959.815,4.8239,-0.04146
2023-05-19 10:30:00+00:00,2023-05-19 15:15:00+00:00,-1,FVG,1963.91,5.0887,-1.0393
2023-05-23 10:15:00+00:00,2023-05-23 13:15:00+00:00,-1,FVG,1955.04,9.8464,-1.02031
2023-05-24 14:30:00+00:00,2023-05-25 01:30:00+00:00,-1,FVG,1968.205,5.7561,2.21291
2023-05-25 12:45:00+00:00,2023-05-25 13:00:00+00:00,-1,FVG,1939.995,5.0139,-1.03989
2023-05-26 13:00:00+00:00,2023-05-26 14:00:00+00:00,-1,FVG,1947.275,3.3852,-1.05908
2023-05-29 14:00:00+00:00,2023-05-30 00:00:00+00:00,-1,FVG,1946.545,2.2943,2.19163
2023-05-30 14:00:00+00:00,2023-05-30 16:00:00+00:00,-1,FVG,1952.625,9.9609,-1.02008
2023-05-31 14:00:00+00:00,2023-05-31 14:00:00+00:00,1,FVG,1969.98,4.1973,-1.04765
2023-06-01 14:00:00+00:00,2023-06-02 13:30:00+00:00,1,FVG,1975.055,7.2027,-1.02777
2023-06-02 14:00:00+00:00,2023-06-02 19:30:00+00:00,-1,FVG,1963.415,5.8827,2.38568
2023-06-05 12:30:00+00:00,2023-06-05 13:15:00+00:00,-1,NY,1939.945,6.3198,-1.03165
2023-06-07 12:30:00+00:00,2023-06-07 13:30:00+00:00,-1,NY,1958.23,2.9916,-1.06685
2023-06-07 14:30:00+00:00,2023-06-08 12:45:00+00:00,-1,NY,1959.53,7.2583,-0.02755
2023-06-08 13:00:00+00:00,2023-06-08 14:00:00+00:00,1,FVG,1959.57,3.9907,2.31394
2023-06-08 16:15:00+00:00,2023-06-08 17:30:00+00:00,1,NY,1968.265,5.4939,-1.0364
2023-06-08 20:30:00+00:00,2023-06-09 08:00:00+00:00,1,NY,1966.255,4.556,-1.0439
2023-06-09 14:30:00+00:00,2023-06-09 15:30:00+00:00,1,FVG,1967.33,5.9796,-1.03345
2023-06-12 13:30:00+00:00,2023-06-12 15:00:00+00:00,-1,FVG,1957.16,3.4084,-0.05868
2023-06-15 12:30:00+00:00,2023-06-15 13:00:00+00:00,-1,NY,1925.87,11.208,-1.01784
2023-06-15 13:30:00+00:00,2023-06-20 13:00:00+00:00,1,FVG,1941.74,13.1033,-0.01526
2023-06-20 13:15:00+00:00,2023-06-20 13:30:00+00:00,-1,FVG,1941.355,3.5662,2.41448
2023-06-20 13:45:00+00:00,2023-06-20 16:45:00+00:00,-1,FVG,1933.15,4.7471,-1.04213
2023-06-21 12:30:00+00:00,2023-06-23 12:45:00+00:00,-1,NY,1929.395,8.2169,-0.02434
2023-06-23 14:30:00+00:00,2023-06-26 07:30:00+00:00,-1,FVG,1928.8,5.1002,-0.03921
2023-06-26 13:30:00+00:00,2023-06-27 14:15:00+00:00,-1,FVG,1927.9,5.6592,2.35334
2023-06-27 14:30:00+00:00,2023-06-30 14:00:00+00:00,-1,FVG,1917.985,12.1934,-0.0164
